Date;432 - Interest rate - Selic target - % p.y.
25/09/2000;16.50
26/09/2000;16.50
27/09/2000;16.50
28/09/2000;16.50
29/09/2000;16.50
30/09/2000;16.50
01/10/2000;16.50
02/10/2000;16.50
03/10/2000;16.50
04/10/2000;16.50
05/10/2000;16.50
06/10/2000;16.50
07/10/2000;16.50
08/10/2000;16.50
09/10/2000;16.50
10/10/2000;16.50
11/10/2000;16.50
12/10/2000;16.50
13/10/2000;16.50
14/10/2000;16.50
15/10/2000;16.50
16/10/2000;16.50
17/10/2000;16.50
18/10/2000;16.50
19/10/2000;16.50
20/10/2000;16.50
21/10/2000;16.50
22/10/2000;16.50
23/10/2000;16.50
24/10/2000;16.50
25/10/2000;16.50
26/10/2000;16.50
27/10/2000;16.50
28/10/2000;16.50
29/10/2000;16.50
30/10/2000;16.50
31/10/2000;16.50
01/11/2000;16.50
02/11/2000;16.50
03/11/2000;16.50
04/11/2000;16.50
05/11/2000;16.50
06/11/2000;16.50
07/11/2000;16.50
08/11/2000;16.50
09/11/2000;16.50
10/11/2000;16.50
11/11/2000;16.50
12/11/2000;16.50
13/11/2000;16.50
14/11/2000;16.50
15/11/2000;16.50
16/11/2000;16.50
17/11/2000;16.50
18/11/2000;16.50
19/11/2000;16.50
20/11/2000;16.50
21/11/2000;16.50
22/11/2000;16.50
23/11/2000;16.50
24/11/2000;16.50
25/11/2000;16.50
26/11/2000;16.50
27/11/2000;16.50
28/11/2000;16.50
29/11/2000;16.50
30/11/2000;16.50
01/12/2000;16.50
02/12/2000;16.50
03/12/2000;16.50
04/12/2000;16.50
05/12/2000;16.50
06/12/2000;16.50
07/12/2000;16.50
08/12/2000;16.50
09/12/2000;16.50
10/12/2000;16.50
11/12/2000;16.50
12/12/2000;16.50
13/12/2000;16.50
14/12/2000;16.50
15/12/2000;16.50
16/12/2000;16.50
17/12/2000;16.50
18/12/2000;16.50
19/12/2000;16.50
20/12/2000;16.50
21/12/2000;15.75
22/12/2000;15.75
23/12/2000;15.75
24/12/2000;15.75
25/12/2000;15.75
26/12/2000;15.75
27/12/2000;15.75
28/12/2000;15.75
29/12/2000;15.75
30/12/2000;15.75
31/12/2000;15.75
01/01/2001;15.75
02/01/2001;15.75
03/01/2001;15.75
04/01/2001;15.75
05/01/2001;15.75
06/01/2001;15.75
07/01/2001;15.75
08/01/2001;15.75
09/01/2001;15.75
10/01/2001;15.75
11/01/2001;15.75
12/01/2001;15.75
13/01/2001;15.75
14/01/2001;15.75
15/01/2001;15.75
16/01/2001;15.75
17/01/2001;15.75
18/01/2001;15.25
19/01/2001;15.25
20/01/2001;15.25
21/01/2001;15.25
22/01/2001;15.25
23/01/2001;15.25
24/01/2001;15.25
25/01/2001;15.25
26/01/2001;15.25
27/01/2001;15.25
28/01/2001;15.25
29/01/2001;15.25
30/01/2001;15.25
31/01/2001;15.25
01/02/2001;15.25
02/02/2001;15.25
03/02/2001;15.25
04/02/2001;15.25
05/02/2001;15.25
06/02/2001;15.25
07/02/2001;15.25
08/02/2001;15.25
09/02/2001;15.25
10/02/2001;15.25
11/02/2001;15.25
12/02/2001;15.25
13/02/2001;15.25
14/02/2001;15.25
15/02/2001;15.25
16/02/2001;15.25
17/02/2001;15.25
18/02/2001;15.25
19/02/2001;15.25
20/02/2001;15.25
21/02/2001;15.25
22/02/2001;15.25
23/02/2001;15.25
24/02/2001;15.25
25/02/2001;15.25
26/02/2001;15.25
27/02/2001;15.25
28/02/2001;15.25
01/03/2001;15.25
02/03/2001;15.25
03/03/2001;15.25
04/03/2001;15.25
05/03/2001;15.25
06/03/2001;15.25
07/03/2001;15.25
08/03/2001;15.25
09/03/2001;15.25
10/03/2001;15.25
11/03/2001;15.25
12/03/2001;15.25
13/03/2001;15.25
14/03/2001;15.25
15/03/2001;15.25
16/03/2001;15.25
17/03/2001;15.25
18/03/2001;15.25
19/03/2001;15.25
20/03/2001;15.25
21/03/2001;15.25
22/03/2001;15.75
23/03/2001;15.75
24/03/2001;15.75
25/03/2001;15.75
26/03/2001;15.75
27/03/2001;15.75
28/03/2001;15.75
29/03/2001;15.75
30/03/2001;15.75
31/03/2001;15.75
01/04/2001;15.75
02/04/2001;15.75
03/04/2001;15.75
04/04/2001;15.75
05/04/2001;15.75
06/04/2001;15.75
07/04/2001;15.75
08/04/2001;15.75
09/04/2001;15.75
10/04/2001;15.75
11/04/2001;15.75
12/04/2001;15.75
13/04/2001;15.75
14/04/2001;15.75
15/04/2001;15.75
16/04/2001;15.75
17/04/2001;15.75
18/04/2001;15.75
19/04/2001;16.25
20/04/2001;16.25
21/04/2001;16.25
22/04/2001;16.25
23/04/2001;16.25
24/04/2001;16.25
25/04/2001;16.25
26/04/2001;16.25
27/04/2001;16.25
28/04/2001;16.25
29/04/2001;16.25
30/04/2001;16.25
01/05/2001;16.25
02/05/2001;16.25
03/05/2001;16.25
04/05/2001;16.25
05/05/2001;16.25
06/05/2001;16.25
07/05/2001;16.25
08/05/2001;16.25
09/05/2001;16.25
10/05/2001;16.25
11/05/2001;16.25
12/05/2001;16.25
13/05/2001;16.25
14/05/2001;16.25
15/05/2001;16.25
16/05/2001;16.25
17/05/2001;16.25
18/05/2001;16.25
19/05/2001;16.25
20/05/2001;16.25
21/05/2001;16.25
22/05/2001;16.25
23/05/2001;16.25
24/05/2001;16.75
25/05/2001;16.75
26/05/2001;16.75
27/05/2001;16.75
28/05/2001;16.75
29/05/2001;16.75
30/05/2001;16.75
31/05/2001;16.75
01/06/2001;16.75
02/06/2001;16.75
03/06/2001;16.75
04/06/2001;16.75
05/06/2001;16.75
06/06/2001;16.75
07/06/2001;16.75
08/06/2001;16.75
09/06/2001;16.75
10/06/2001;16.75
11/06/2001;16.75
12/06/2001;16.75
13/06/2001;16.75
14/06/2001;16.75
15/06/2001;16.75
16/06/2001;16.75
17/06/2001;16.75
18/06/2001;16.75
19/06/2001;16.75
20/06/2001;16.75
21/06/2001;18.25
22/06/2001;18.25
23/06/2001;18.25
24/06/2001;18.25
25/06/2001;18.25
26/06/2001;18.25
27/06/2001;18.25
28/06/2001;18.25
29/06/2001;18.25
30/06/2001;18.25
01/07/2001;18.25
02/07/2001;18.25
03/07/2001;18.25
04/07/2001;18.25
05/07/2001;18.25
06/07/2001;18.25
07/07/2001;18.25
08/07/2001;18.25
09/07/2001;18.25
10/07/2001;18.25
11/07/2001;18.25
12/07/2001;18.25
13/07/2001;18.25
14/07/2001;18.25
15/07/2001;18.25
16/07/2001;18.25
17/07/2001;18.25
18/07/2001;19.00
19/07/2001;19.00
20/07/2001;19.00
21/07/2001;19.00
22/07/2001;19.00
23/07/2001;19.00
24/07/2001;19.00
25/07/2001;19.00
26/07/2001;19.00
27/07/2001;19.00
28/07/2001;19.00
29/07/2001;19.00
30/07/2001;19.00
31/07/2001;19.00
01/08/2001;19.00
02/08/2001;19.00
03/08/2001;19.00
04/08/2001;19.00
05/08/2001;19.00
06/08/2001;19.00
07/08/2001;19.00
08/08/2001;19.00
09/08/2001;19.00
10/08/2001;19.00
11/08/2001;19.00
12/08/2001;19.00
13/08/2001;19.00
14/08/2001;19.00
15/08/2001;19.00
16/08/2001;19.00
17/08/2001;19.00
18/08/2001;19.00
19/08/2001;19.00
20/08/2001;19.00
21/08/2001;19.00
22/08/2001;19.00
23/08/2001;19.00
24/08/2001;19.00
25/08/2001;19.00
26/08/2001;19.00
27/08/2001;19.00
28/08/2001;19.00
29/08/2001;19.00
30/08/2001;19.00
31/08/2001;19.00
01/09/2001;19.00
02/09/2001;19.00
03/09/2001;19.00
04/09/2001;19.00
05/09/2001;19.00
06/09/2001;19.00
07/09/2001;19.00
08/09/2001;19.00
09/09/2001;19.00
10/09/2001;19.00
11/09/2001;19.00
12/09/2001;19.00
13/09/2001;19.00
14/09/2001;19.00
15/09/2001;19.00
16/09/2001;19.00
17/09/2001;19.00
18/09/2001;19.00
19/09/2001;19.00
20/09/2001;19.00
21/09/2001;19.00
22/09/2001;19.00
23/09/2001;19.00
24/09/2001;19.00
25/09/2001;19.00
26/09/2001;19.00
27/09/2001;19.00
28/09/2001;19.00
29/09/2001;19.00
30/09/2001;19.00
01/10/2001;19.00
02/10/2001;19.00
03/10/2001;19.00
04/10/2001;19.00
05/10/2001;19.00
06/10/2001;19.00
07/10/2001;19.00
08/10/2001;19.00
09/10/2001;19.00
10/10/2001;19.00
11/10/2001;19.00
12/10/2001;19.00
13/10/2001;19.00
14/10/2001;19.00
15/10/2001;19.00
16/10/2001;19.00
17/10/2001;19.00
18/10/2001;19.00
19/10/2001;19.00
20/10/2001;19.00
21/10/2001;19.00
22/10/2001;19.00
23/10/2001;19.00
24/10/2001;19.00
25/10/2001;19.00
26/10/2001;19.00
27/10/2001;19.00
28/10/2001;19.00
29/10/2001;19.00
30/10/2001;19.00
31/10/2001;19.00
01/11/2001;19.00
02/11/2001;19.00
03/11/2001;19.00
04/11/2001;19.00
05/11/2001;19.00
06/11/2001;19.00
07/11/2001;19.00
08/11/2001;19.00
09/11/2001;19.00
10/11/2001;19.00
11/11/2001;19.00
12/11/2001;19.00
13/11/2001;19.00
14/11/2001;19.00
15/11/2001;19.00
16/11/2001;19.00
17/11/2001;19.00
18/11/2001;19.00
19/11/2001;19.00
20/11/2001;19.00
21/11/2001;19.00
22/11/2001;19.00
23/11/2001;19.00
24/11/2001;19.00
25/11/2001;19.00
26/11/2001;19.00
27/11/2001;19.00
28/11/2001;19.00
29/11/2001;19.00
30/11/2001;19.00
01/12/2001;19.00
02/12/2001;19.00
03/12/2001;19.00
04/12/2001;19.00
05/12/2001;19.00
06/12/2001;19.00
07/12/2001;19.00
08/12/2001;19.00
09/12/2001;19.00
10/12/2001;19.00
11/12/2001;19.00
12/12/2001;19.00
13/12/2001;19.00
14/12/2001;19.00
15/12/2001;19.00
16/12/2001;19.00
17/12/2001;19.00
18/12/2001;19.00
19/12/2001;19.00
20/12/2001;19.00
21/12/2001;19.00
22/12/2001;19.00
23/12/2001;19.00
24/12/2001;19.00
25/12/2001;19.00
26/12/2001;19.00
27/12/2001;19.00
28/12/2001;19.00
29/12/2001;19.00
30/12/2001;19.00
31/12/2001;19.00
01/01/2002;19.00
02/01/2002;19.00
03/01/2002;19.00
04/01/2002;19.00
05/01/2002;19.00
06/01/2002;19.00
07/01/2002;19.00
08/01/2002;19.00
09/01/2002;19.00
10/01/2002;19.00
11/01/2002;19.00
12/01/2002;19.00
13/01/2002;19.00
14/01/2002;19.00
15/01/2002;19.00
16/01/2002;19.00
17/01/2002;19.00
18/01/2002;19.00
19/01/2002;19.00
20/01/2002;19.00
21/01/2002;19.00
22/01/2002;19.00
23/01/2002;19.00
24/01/2002;19.00
25/01/2002;19.00
26/01/2002;19.00
27/01/2002;19.00
28/01/2002;19.00
29/01/2002;19.00
30/01/2002;19.00
31/01/2002;19.00
01/02/2002;19.00
02/02/2002;19.00
03/02/2002;19.00
04/02/2002;19.00
05/02/2002;19.00
06/02/2002;19.00
07/02/2002;19.00
08/02/2002;19.00
09/02/2002;19.00
10/02/2002;19.00
11/02/2002;19.00
12/02/2002;19.00
13/02/2002;19.00
14/02/2002;19.00
15/02/2002;19.00
16/02/2002;19.00
17/02/2002;19.00
18/02/2002;19.00
19/02/2002;19.00
20/02/2002;19.00
21/02/2002;18.75
22/02/2002;18.75
23/02/2002;18.75
24/02/2002;18.75
25/02/2002;18.75
26/02/2002;18.75
27/02/2002;18.75
28/02/2002;18.75
01/03/2002;18.75
02/03/2002;18.75
03/03/2002;18.75
04/03/2002;18.75
05/03/2002;18.75
06/03/2002;18.75
07/03/2002;18.75
08/03/2002;18.75
09/03/2002;18.75
10/03/2002;18.75
11/03/2002;18.75
12/03/2002;18.75
13/03/2002;18.75
14/03/2002;18.75
15/03/2002;18.75
16/03/2002;18.75
17/03/2002;18.75
18/03/2002;18.75
19/03/2002;18.75
20/03/2002;18.75
21/03/2002;18.50
22/03/2002;18.50
23/03/2002;18.50
24/03/2002;18.50
25/03/2002;18.50
26/03/2002;18.50
27/03/2002;18.50
28/03/2002;18.50
29/03/2002;18.50
30/03/2002;18.50
31/03/2002;18.50
01/04/2002;18.50
02/04/2002;18.50
03/04/2002;18.50
04/04/2002;18.50
05/04/2002;18.50
06/04/2002;18.50
07/04/2002;18.50
08/04/2002;18.50
09/04/2002;18.50
10/04/2002;18.50
11/04/2002;18.50
12/04/2002;18.50
13/04/2002;18.50
14/04/2002;18.50
15/04/2002;18.50
16/04/2002;18.50
17/04/2002;18.50
18/04/2002;18.50
19/04/2002;18.50
20/04/2002;18.50
21/04/2002;18.50
22/04/2002;18.50
23/04/2002;18.50
24/04/2002;18.50
25/04/2002;18.50
26/04/2002;18.50
27/04/2002;18.50
28/04/2002;18.50
29/04/2002;18.50
30/04/2002;18.50
01/05/2002;18.50
02/05/2002;18.50
03/05/2002;18.50
04/05/2002;18.50
05/05/2002;18.50
06/05/2002;18.50
07/05/2002;18.50
08/05/2002;18.50
09/05/2002;18.50
10/05/2002;18.50
11/05/2002;18.50
12/05/2002;18.50
13/05/2002;18.50
14/05/2002;18.50
15/05/2002;18.50
16/05/2002;18.50
17/05/2002;18.50
18/05/2002;18.50
19/05/2002;18.50
20/05/2002;18.50
21/05/2002;18.50
22/05/2002;18.50
23/05/2002;18.50
24/05/2002;18.50
25/05/2002;18.50
26/05/2002;18.50
27/05/2002;18.50
28/05/2002;18.50
29/05/2002;18.50
30/05/2002;18.50
31/05/2002;18.50
01/06/2002;18.50
02/06/2002;18.50
03/06/2002;18.50
04/06/2002;18.50
05/06/2002;18.50
06/06/2002;18.50
07/06/2002;18.50
08/06/2002;18.50
09/06/2002;18.50
10/06/2002;18.50
11/06/2002;18.50
12/06/2002;18.50
13/06/2002;18.50
14/06/2002;18.50
15/06/2002;18.50
16/06/2002;18.50
17/06/2002;18.50
18/06/2002;18.50
19/06/2002;18.50
20/06/2002;18.50
21/06/2002;18.50
22/06/2002;18.50
23/06/2002;18.50
24/06/2002;18.50
25/06/2002;18.50
26/06/2002;18.50
27/06/2002;18.50
28/06/2002;18.50
29/06/2002;18.50
30/06/2002;18.50
01/07/2002;18.50
02/07/2002;18.50
03/07/2002;18.50
04/07/2002;18.50
05/07/2002;18.50
06/07/2002;18.50
07/07/2002;18.50
08/07/2002;18.50
09/07/2002;18.50
10/07/2002;18.50
11/07/2002;18.50
12/07/2002;18.50
13/07/2002;18.50
14/07/2002;18.50
15/07/2002;18.50
16/07/2002;18.50
17/07/2002;18.50
18/07/2002;18.00
19/07/2002;18.00
20/07/2002;18.00
21/07/2002;18.00
22/07/2002;18.00
23/07/2002;18.00
24/07/2002;18.00
25/07/2002;18.00
26/07/2002;18.00
27/07/2002;18.00
28/07/2002;18.00
29/07/2002;18.00
30/07/2002;18.00
31/07/2002;18.00
01/08/2002;18.00
02/08/2002;18.00
03/08/2002;18.00
04/08/2002;18.00
05/08/2002;18.00
06/08/2002;18.00
07/08/2002;18.00
08/08/2002;18.00
09/08/2002;18.00
10/08/2002;18.00
11/08/2002;18.00
12/08/2002;18.00
13/08/2002;18.00
14/08/2002;18.00
15/08/2002;18.00
16/08/2002;18.00
17/08/2002;18.00
18/08/2002;18.00
19/08/2002;18.00
20/08/2002;18.00
21/08/2002;18.00
22/08/2002;18.00
23/08/2002;18.00
24/08/2002;18.00
25/08/2002;18.00
26/08/2002;18.00
27/08/2002;18.00
28/08/2002;18.00
29/08/2002;18.00
30/08/2002;18.00
31/08/2002;18.00
01/09/2002;18.00
02/09/2002;18.00
03/09/2002;18.00
04/09/2002;18.00
05/09/2002;18.00
06/09/2002;18.00
07/09/2002;18.00
08/09/2002;18.00
09/09/2002;18.00
10/09/2002;18.00
11/09/2002;18.00
12/09/2002;18.00
13/09/2002;18.00
14/09/2002;18.00
15/09/2002;18.00
16/09/2002;18.00
17/09/2002;18.00
18/09/2002;18.00
19/09/2002;18.00
20/09/2002;18.00
21/09/2002;18.00
22/09/2002;18.00
23/09/2002;18.00
24/09/2002;18.00
25/09/2002;18.00
26/09/2002;18.00
27/09/2002;18.00
28/09/2002;18.00
29/09/2002;18.00
30/09/2002;18.00
01/10/2002;18.00
02/10/2002;18.00
03/10/2002;18.00
04/10/2002;18.00
05/10/2002;18.00
06/10/2002;18.00
07/10/2002;18.00
08/10/2002;18.00
09/10/2002;18.00
10/10/2002;18.00
11/10/2002;18.00
12/10/2002;18.00
13/10/2002;18.00
14/10/2002;18.00
15/10/2002;21.00
16/10/2002;21.00
17/10/2002;21.00
18/10/2002;21.00
19/10/2002;21.00
20/10/2002;21.00
21/10/2002;21.00
22/10/2002;21.00
23/10/2002;21.00
24/10/2002;21.00
25/10/2002;21.00
26/10/2002;21.00
27/10/2002;21.00
28/10/2002;21.00
29/10/2002;21.00
30/10/2002;21.00
31/10/2002;21.00
01/11/2002;21.00
02/11/2002;21.00
03/11/2002;21.00
04/11/2002;21.00
05/11/2002;21.00
06/11/2002;21.00
07/11/2002;21.00
08/11/2002;21.00
09/11/2002;21.00
10/11/2002;21.00
11/11/2002;21.00
12/11/2002;21.00
13/11/2002;21.00
14/11/2002;21.00
15/11/2002;21.00
16/11/2002;21.00
17/11/2002;21.00
18/11/2002;21.00
19/11/2002;21.00
20/11/2002;21.00
21/11/2002;22.00
22/11/2002;22.00
23/11/2002;22.00
24/11/2002;22.00
25/11/2002;22.00
26/11/2002;22.00
27/11/2002;22.00
28/11/2002;22.00
29/11/2002;22.00
30/11/2002;22.00
01/12/2002;22.00
02/12/2002;22.00
03/12/2002;22.00
04/12/2002;22.00
05/12/2002;22.00
06/12/2002;22.00
07/12/2002;22.00
08/12/2002;22.00
09/12/2002;22.00
10/12/2002;22.00
11/12/2002;22.00
12/12/2002;22.00
13/12/2002;22.00
14/12/2002;22.00
15/12/2002;22.00
16/12/2002;22.00
17/12/2002;22.00
18/12/2002;22.00
19/12/2002;25.00
20/12/2002;25.00
21/12/2002;25.00
22/12/2002;25.00
23/12/2002;25.00
24/12/2002;25.00
25/12/2002;25.00
26/12/2002;25.00
27/12/2002;25.00
28/12/2002;25.00
29/12/2002;25.00
30/12/2002;25.00
31/12/2002;25.00
01/01/2003;25.00
02/01/2003;25.00
03/01/2003;25.00
04/01/2003;25.00
05/01/2003;25.00
06/01/2003;25.00
07/01/2003;25.00
08/01/2003;25.00
09/01/2003;25.00
10/01/2003;25.00
11/01/2003;25.00
12/01/2003;25.00
13/01/2003;25.00
14/01/2003;25.00
15/01/2003;25.00
16/01/2003;25.00
17/01/2003;25.00
18/01/2003;25.00
19/01/2003;25.00
20/01/2003;25.00
21/01/2003;25.00
22/01/2003;25.00
23/01/2003;25.50
24/01/2003;25.50
25/01/2003;25.50
26/01/2003;25.50
27/01/2003;25.50
28/01/2003;25.50
29/01/2003;25.50
30/01/2003;25.50
31/01/2003;25.50
01/02/2003;25.50
02/02/2003;25.50
03/02/2003;25.50
04/02/2003;25.50
05/02/2003;25.50
06/02/2003;25.50
07/02/2003;25.50
08/02/2003;25.50
09/02/2003;25.50
10/02/2003;25.50
11/02/2003;25.50
12/02/2003;25.50
13/02/2003;25.50
14/02/2003;25.50
15/02/2003;25.50
16/02/2003;25.50
17/02/2003;25.50
18/02/2003;25.50
19/02/2003;25.50
20/02/2003;26.50
21/02/2003;26.50
22/02/2003;26.50
23/02/2003;26.50
24/02/2003;26.50
25/02/2003;26.50
26/02/2003;26.50
27/02/2003;26.50
28/02/2003;26.50
01/03/2003;26.50
02/03/2003;26.50
03/03/2003;26.50
04/03/2003;26.50
05/03/2003;26.50
06/03/2003;26.50
07/03/2003;26.50
08/03/2003;26.50
09/03/2003;26.50
10/03/2003;26.50
11/03/2003;26.50
12/03/2003;26.50
13/03/2003;26.50
14/03/2003;26.50
15/03/2003;26.50
16/03/2003;26.50
17/03/2003;26.50
18/03/2003;26.50
19/03/2003;26.50
20/03/2003;26.50
21/03/2003;26.50
22/03/2003;26.50
23/03/2003;26.50
24/03/2003;26.50
25/03/2003;26.50
26/03/2003;26.50
27/03/2003;26.50
28/03/2003;26.50
29/03/2003;26.50
30/03/2003;26.50
31/03/2003;26.50
01/04/2003;26.50
02/04/2003;26.50
03/04/2003;26.50
04/04/2003;26.50
05/04/2003;26.50
06/04/2003;26.50
07/04/2003;26.50
08/04/2003;26.50
09/04/2003;26.50
10/04/2003;26.50
11/04/2003;26.50
12/04/2003;26.50
13/04/2003;26.50
14/04/2003;26.50
15/04/2003;26.50
16/04/2003;26.50
17/04/2003;26.50
18/04/2003;26.50
19/04/2003;26.50
20/04/2003;26.50
21/04/2003;26.50
22/04/2003;26.50
23/04/2003;26.50
24/04/2003;26.50
25/04/2003;26.50
26/04/2003;26.50
27/04/2003;26.50
28/04/2003;26.50
29/04/2003;26.50
30/04/2003;26.50
01/05/2003;26.50
02/05/2003;26.50
03/05/2003;26.50
04/05/2003;26.50
05/05/2003;26.50
06/05/2003;26.50
07/05/2003;26.50
08/05/2003;26.50
09/05/2003;26.50
10/05/2003;26.50
11/05/2003;26.50
12/05/2003;26.50
13/05/2003;26.50
14/05/2003;26.50
15/05/2003;26.50
16/05/2003;26.50
17/05/2003;26.50
18/05/2003;26.50
19/05/2003;26.50
20/05/2003;26.50
21/05/2003;26.50
22/05/2003;26.50
23/05/2003;26.50
24/05/2003;26.50
25/05/2003;26.50
26/05/2003;26.50
27/05/2003;26.50
28/05/2003;26.50
29/05/2003;26.50
30/05/2003;26.50
31/05/2003;26.50
01/06/2003;26.50
02/06/2003;26.50
03/06/2003;26.50
04/06/2003;26.50
05/06/2003;26.50
06/06/2003;26.50
07/06/2003;26.50
08/06/2003;26.50
09/06/2003;26.50
10/06/2003;26.50
11/06/2003;26.50
12/06/2003;26.50
13/06/2003;26.50
14/06/2003;26.50
15/06/2003;26.50
16/06/2003;26.50
17/06/2003;26.50
18/06/2003;26.50
19/06/2003;26.50
20/06/2003;26.00
21/06/2003;26.00
22/06/2003;26.00
23/06/2003;26.00
24/06/2003;26.00
25/06/2003;26.00
26/06/2003;26.00
27/06/2003;26.00
28/06/2003;26.00
29/06/2003;26.00
30/06/2003;26.00
01/07/2003;26.00
02/07/2003;26.00
03/07/2003;26.00
04/07/2003;26.00
05/07/2003;26.00
06/07/2003;26.00
07/07/2003;26.00
08/07/2003;26.00
09/07/2003;26.00
10/07/2003;26.00
11/07/2003;26.00
12/07/2003;26.00
13/07/2003;26.00
14/07/2003;26.00
15/07/2003;26.00
16/07/2003;26.00
17/07/2003;26.00
18/07/2003;26.00
19/07/2003;26.00
20/07/2003;26.00
21/07/2003;26.00
22/07/2003;26.00
23/07/2003;26.00
24/07/2003;24.50
25/07/2003;24.50
26/07/2003;24.50
27/07/2003;24.50
28/07/2003;24.50
29/07/2003;24.50
30/07/2003;24.50
31/07/2003;24.50
01/08/2003;24.50
02/08/2003;24.50
03/08/2003;24.50
04/08/2003;24.50
05/08/2003;24.50
06/08/2003;24.50
07/08/2003;24.50
08/08/2003;24.50
09/08/2003;24.50
10/08/2003;24.50
11/08/2003;24.50
12/08/2003;24.50
13/08/2003;24.50
14/08/2003;24.50
15/08/2003;24.50
16/08/2003;24.50
17/08/2003;24.50
18/08/2003;24.50
19/08/2003;24.50
20/08/2003;24.50
21/08/2003;22.00
22/08/2003;22.00
23/08/2003;22.00
24/08/2003;22.00
25/08/2003;22.00
26/08/2003;22.00
27/08/2003;22.00
28/08/2003;22.00
29/08/2003;22.00
30/08/2003;22.00
31/08/2003;22.00
01/09/2003;22.00
02/09/2003;22.00
03/09/2003;22.00
04/09/2003;22.00
05/09/2003;22.00
06/09/2003;22.00
07/09/2003;22.00
08/09/2003;22.00
09/09/2003;22.00
10/09/2003;22.00
11/09/2003;22.00
12/09/2003;22.00
13/09/2003;22.00
14/09/2003;22.00
15/09/2003;22.00
16/09/2003;22.00
17/09/2003;22.00
18/09/2003;20.00
19/09/2003;20.00
20/09/2003;20.00
21/09/2003;20.00
22/09/2003;20.00
23/09/2003;20.00
24/09/2003;20.00
25/09/2003;20.00
26/09/2003;20.00
27/09/2003;20.00
28/09/2003;20.00
29/09/2003;20.00
30/09/2003;20.00
01/10/2003;20.00
02/10/2003;20.00
03/10/2003;20.00
04/10/2003;20.00
05/10/2003;20.00
06/10/2003;20.00
07/10/2003;20.00
08/10/2003;20.00
09/10/2003;20.00
10/10/2003;20.00
11/10/2003;20.00
12/10/2003;20.00
13/10/2003;20.00
14/10/2003;20.00
15/10/2003;20.00
16/10/2003;20.00
17/10/2003;20.00
18/10/2003;20.00
19/10/2003;20.00
20/10/2003;20.00
21/10/2003;20.00
22/10/2003;20.00
23/10/2003;19.00
24/10/2003;19.00
25/10/2003;19.00
26/10/2003;19.00
27/10/2003;19.00
28/10/2003;19.00
29/10/2003;19.00
30/10/2003;19.00
31/10/2003;19.00
01/11/2003;19.00
02/11/2003;19.00
03/11/2003;19.00
04/11/2003;19.00
05/11/2003;19.00
06/11/2003;19.00
07/11/2003;19.00
08/11/2003;19.00
09/11/2003;19.00
10/11/2003;19.00
11/11/2003;19.00
12/11/2003;19.00
13/11/2003;19.00
14/11/2003;19.00
15/11/2003;19.00
16/11/2003;19.00
17/11/2003;19.00
18/11/2003;19.00
19/11/2003;19.00
20/11/2003;17.50
21/11/2003;17.50
22/11/2003;17.50
23/11/2003;17.50
24/11/2003;17.50
25/11/2003;17.50
26/11/2003;17.50
27/11/2003;17.50
28/11/2003;17.50
29/11/2003;17.50
30/11/2003;17.50
01/12/2003;17.50
02/12/2003;17.50
03/12/2003;17.50
04/12/2003;17.50
05/12/2003;17.50
06/12/2003;17.50
07/12/2003;17.50
08/12/2003;17.50
09/12/2003;17.50
10/12/2003;17.50
11/12/2003;17.50
12/12/2003;17.50
13/12/2003;17.50
14/12/2003;17.50
15/12/2003;17.50
16/12/2003;17.50
17/12/2003;17.50
18/12/2003;16.50
19/12/2003;16.50
20/12/2003;16.50
21/12/2003;16.50
22/12/2003;16.50
23/12/2003;16.50
24/12/2003;16.50
25/12/2003;16.50
26/12/2003;16.50
27/12/2003;16.50
28/12/2003;16.50
29/12/2003;16.50
30/12/2003;16.50
31/12/2003;16.50
01/01/2004;16.50
02/01/2004;16.50
03/01/2004;16.50
04/01/2004;16.50
05/01/2004;16.50
06/01/2004;16.50
07/01/2004;16.50
08/01/2004;16.50
09/01/2004;16.50
10/01/2004;16.50
11/01/2004;16.50
12/01/2004;16.50
13/01/2004;16.50
14/01/2004;16.50
15/01/2004;16.50
16/01/2004;16.50
17/01/2004;16.50
18/01/2004;16.50
19/01/2004;16.50
20/01/2004;16.50
21/01/2004;16.50
22/01/2004;16.50
23/01/2004;16.50
24/01/2004;16.50
25/01/2004;16.50
26/01/2004;16.50
27/01/2004;16.50
28/01/2004;16.50
29/01/2004;16.50
30/01/2004;16.50
31/01/2004;16.50
01/02/2004;16.50
02/02/2004;16.50
03/02/2004;16.50
04/02/2004;16.50
05/02/2004;16.50
06/02/2004;16.50
07/02/2004;16.50
08/02/2004;16.50
09/02/2004;16.50
10/02/2004;16.50
11/02/2004;16.50
12/02/2004;16.50
13/02/2004;16.50
14/02/2004;16.50
15/02/2004;16.50
16/02/2004;16.50
17/02/2004;16.50
18/02/2004;16.50
19/02/2004;16.50
20/02/2004;16.50
21/02/2004;16.50
22/02/2004;16.50
23/02/2004;16.50
24/02/2004;16.50
25/02/2004;16.50
26/02/2004;16.50
27/02/2004;16.50
28/02/2004;16.50
29/02/2004;16.50
01/03/2004;16.50
02/03/2004;16.50
03/03/2004;16.50
04/03/2004;16.50
05/03/2004;16.50
06/03/2004;16.50
07/03/2004;16.50
08/03/2004;16.50
09/03/2004;16.50
10/03/2004;16.50
11/03/2004;16.50
12/03/2004;16.50
13/03/2004;16.50
14/03/2004;16.50
15/03/2004;16.50
16/03/2004;16.50
17/03/2004;16.50
18/03/2004;16.25
19/03/2004;16.25
20/03/2004;16.25
21/03/2004;16.25
22/03/2004;16.25
23/03/2004;16.25
24/03/2004;16.25
25/03/2004;16.25
26/03/2004;16.25
27/03/2004;16.25
28/03/2004;16.25
29/03/2004;16.25
30/03/2004;16.25
31/03/2004;16.25
01/04/2004;16.25
02/04/2004;16.25
03/04/2004;16.25
04/04/2004;16.25
05/04/2004;16.25
06/04/2004;16.25
07/04/2004;16.25
08/04/2004;16.25
09/04/2004;16.25
10/04/2004;16.25
11/04/2004;16.25
12/04/2004;16.25
13/04/2004;16.25
14/04/2004;16.25
15/04/2004;16.00
16/04/2004;16.00
17/04/2004;16.00
18/04/2004;16.00
19/04/2004;16.00
20/04/2004;16.00
21/04/2004;16.00
22/04/2004;16.00
23/04/2004;16.00
24/04/2004;16.00
25/04/2004;16.00
26/04/2004;16.00
27/04/2004;16.00
28/04/2004;16.00
29/04/2004;16.00
30/04/2004;16.00
01/05/2004;16.00
02/05/2004;16.00
03/05/2004;16.00
04/05/2004;16.00
05/05/2004;16.00
06/05/2004;16.00
07/05/2004;16.00
08/05/2004;16.00
09/05/2004;16.00
10/05/2004;16.00
11/05/2004;16.00
12/05/2004;16.00
13/05/2004;16.00
14/05/2004;16.00
15/05/2004;16.00
16/05/2004;16.00
17/05/2004;16.00
18/05/2004;16.00
19/05/2004;16.00
20/05/2004;16.00
21/05/2004;16.00
22/05/2004;16.00
23/05/2004;16.00
24/05/2004;16.00
25/05/2004;16.00
26/05/2004;16.00
27/05/2004;16.00
28/05/2004;16.00
29/05/2004;16.00
30/05/2004;16.00
31/05/2004;16.00
01/06/2004;16.00
02/06/2004;16.00
03/06/2004;16.00
04/06/2004;16.00
05/06/2004;16.00
06/06/2004;16.00
07/06/2004;16.00
08/06/2004;16.00
09/06/2004;16.00
10/06/2004;16.00
11/06/2004;16.00
12/06/2004;16.00
13/06/2004;16.00
14/06/2004;16.00
15/06/2004;16.00
16/06/2004;16.00
17/06/2004;16.00
18/06/2004;16.00
19/06/2004;16.00
20/06/2004;16.00
21/06/2004;16.00
22/06/2004;16.00
23/06/2004;16.00
24/06/2004;16.00
25/06/2004;16.00
26/06/2004;16.00
27/06/2004;16.00
28/06/2004;16.00
29/06/2004;16.00
30/06/2004;16.00
01/07/2004;16.00
02/07/2004;16.00
03/07/2004;16.00
04/07/2004;16.00
05/07/2004;16.00
06/07/2004;16.00
07/07/2004;16.00
08/07/2004;16.00
09/07/2004;16.00
10/07/2004;16.00
11/07/2004;16.00
12/07/2004;16.00
13/07/2004;16.00
14/07/2004;16.00
15/07/2004;16.00
16/07/2004;16.00
17/07/2004;16.00
18/07/2004;16.00
19/07/2004;16.00
20/07/2004;16.00
21/07/2004;16.00
22/07/2004;16.00
23/07/2004;16.00
24/07/2004;16.00
25/07/2004;16.00
26/07/2004;16.00
27/07/2004;16.00
28/07/2004;16.00
29/07/2004;16.00
30/07/2004;16.00
31/07/2004;16.00
01/08/2004;16.00
02/08/2004;16.00
03/08/2004;16.00
04/08/2004;16.00
05/08/2004;16.00
06/08/2004;16.00
07/08/2004;16.00
08/08/2004;16.00
09/08/2004;16.00
10/08/2004;16.00
11/08/2004;16.00
12/08/2004;16.00
13/08/2004;16.00
14/08/2004;16.00
15/08/2004;16.00
16/08/2004;16.00
17/08/2004;16.00
18/08/2004;16.00
19/08/2004;16.00
20/08/2004;16.00
21/08/2004;16.00
22/08/2004;16.00
23/08/2004;16.00
24/08/2004;16.00
25/08/2004;16.00
26/08/2004;16.00
27/08/2004;16.00
28/08/2004;16.00
29/08/2004;16.00
30/08/2004;16.00
31/08/2004;16.00
01/09/2004;16.00
02/09/2004;16.00
03/09/2004;16.00
04/09/2004;16.00
05/09/2004;16.00
06/09/2004;16.00
07/09/2004;16.00
08/09/2004;16.00
09/09/2004;16.00
10/09/2004;16.00
11/09/2004;16.00
12/09/2004;16.00
13/09/2004;16.00
14/09/2004;16.00
15/09/2004;16.00
16/09/2004;16.25
17/09/2004;16.25
18/09/2004;16.25
19/09/2004;16.25
20/09/2004;16.25
21/09/2004;16.25
22/09/2004;16.25
23/09/2004;16.25
24/09/2004;16.25
25/09/2004;16.25
26/09/2004;16.25
27/09/2004;16.25
28/09/2004;16.25
29/09/2004;16.25
30/09/2004;16.25
01/10/2004;16.25
02/10/2004;16.25
03/10/2004;16.25
04/10/2004;16.25
05/10/2004;16.25
06/10/2004;16.25
07/10/2004;16.25
08/10/2004;16.25
09/10/2004;16.25
10/10/2004;16.25
11/10/2004;16.25
12/10/2004;16.25
13/10/2004;16.25
14/10/2004;16.25
15/10/2004;16.25
16/10/2004;16.25
17/10/2004;16.25
18/10/2004;16.25
19/10/2004;16.25
20/10/2004;16.25
21/10/2004;16.75
22/10/2004;16.75
23/10/2004;16.75
24/10/2004;16.75
25/10/2004;16.75
26/10/2004;16.75
27/10/2004;16.75
28/10/2004;16.75
29/10/2004;16.75
30/10/2004;16.75
31/10/2004;16.75
01/11/2004;16.75
02/11/2004;16.75
03/11/2004;16.75
04/11/2004;16.75
05/11/2004;16.75
06/11/2004;16.75
07/11/2004;16.75
08/11/2004;16.75
09/11/2004;16.75
10/11/2004;16.75
11/11/2004;16.75
12/11/2004;16.75
13/11/2004;16.75
14/11/2004;16.75
15/11/2004;16.75
16/11/2004;16.75
17/11/2004;16.75
18/11/2004;17.25
19/11/2004;17.25
20/11/2004;17.25
21/11/2004;17.25
22/11/2004;17.25
23/11/2004;17.25
24/11/2004;17.25
25/11/2004;17.25
26/11/2004;17.25
27/11/2004;17.25
28/11/2004;17.25
29/11/2004;17.25
30/11/2004;17.25
01/12/2004;17.25
02/12/2004;17.25
03/12/2004;17.25
04/12/2004;17.25
05/12/2004;17.25
06/12/2004;17.25
07/12/2004;17.25
08/12/2004;17.25
09/12/2004;17.25
10/12/2004;17.25
11/12/2004;17.25
12/12/2004;17.25
13/12/2004;17.25
14/12/2004;17.25
15/12/2004;17.25
16/12/2004;17.75
17/12/2004;17.75
18/12/2004;17.75
19/12/2004;17.75
20/12/2004;17.75
21/12/2004;17.75
22/12/2004;17.75
23/12/2004;17.75
24/12/2004;17.75
25/12/2004;17.75
26/12/2004;17.75
27/12/2004;17.75
28/12/2004;17.75
29/12/2004;17.75
30/12/2004;17.75
31/12/2004;17.75
01/01/2005;17.75
02/01/2005;17.75
03/01/2005;17.75
04/01/2005;17.75
05/01/2005;17.75
06/01/2005;17.75
07/01/2005;17.75
08/01/2005;17.75
09/01/2005;17.75
10/01/2005;17.75
11/01/2005;17.75
12/01/2005;17.75
13/01/2005;17.75
14/01/2005;17.75
15/01/2005;17.75
16/01/2005;17.75
17/01/2005;17.75
18/01/2005;17.75
19/01/2005;17.75
20/01/2005;18.25
21/01/2005;18.25
22/01/2005;18.25
23/01/2005;18.25
24/01/2005;18.25
25/01/2005;18.25
26/01/2005;18.25
27/01/2005;18.25
28/01/2005;18.25
29/01/2005;18.25
30/01/2005;18.25
31/01/2005;18.25
01/02/2005;18.25
02/02/2005;18.25
03/02/2005;18.25
04/02/2005;18.25
05/02/2005;18.25
06/02/2005;18.25
07/02/2005;18.25
08/02/2005;18.25
09/02/2005;18.25
10/02/2005;18.25
11/02/2005;18.25
12/02/2005;18.25
13/02/2005;18.25
14/02/2005;18.25
15/02/2005;18.25
16/02/2005;18.25
17/02/2005;18.75
18/02/2005;18.75
19/02/2005;18.75
20/02/2005;18.75
21/02/2005;18.75
22/02/2005;18.75
23/02/2005;18.75
24/02/2005;18.75
25/02/2005;18.75
26/02/2005;18.75
27/02/2005;18.75
28/02/2005;18.75
01/03/2005;18.75
02/03/2005;18.75
03/03/2005;18.75
04/03/2005;18.75
05/03/2005;18.75
06/03/2005;18.75
07/03/2005;18.75
08/03/2005;18.75
09/03/2005;18.75
10/03/2005;18.75
11/03/2005;18.75
12/03/2005;18.75
13/03/2005;18.75
14/03/2005;18.75
15/03/2005;18.75
16/03/2005;18.75
17/03/2005;19.25
18/03/2005;19.25
19/03/2005;19.25
20/03/2005;19.25
21/03/2005;19.25
22/03/2005;19.25
23/03/2005;19.25
24/03/2005;19.25
25/03/2005;19.25
26/03/2005;19.25
27/03/2005;19.25
28/03/2005;19.25
29/03/2005;19.25
30/03/2005;19.25
31/03/2005;19.25
01/04/2005;19.25
02/04/2005;19.25
03/04/2005;19.25
04/04/2005;19.25
05/04/2005;19.25
06/04/2005;19.25
07/04/2005;19.25
08/04/2005;19.25
09/04/2005;19.25
10/04/2005;19.25
11/04/2005;19.25
12/04/2005;19.25
13/04/2005;19.25
14/04/2005;19.25
15/04/2005;19.25
16/04/2005;19.25
17/04/2005;19.25
18/04/2005;19.25
19/04/2005;19.25
20/04/2005;19.25
21/04/2005;19.50
22/04/2005;19.50
23/04/2005;19.50
24/04/2005;19.50
25/04/2005;19.50
26/04/2005;19.50
27/04/2005;19.50
28/04/2005;19.50
29/04/2005;19.50
30/04/2005;19.50
01/05/2005;19.50
02/05/2005;19.50
03/05/2005;19.50
04/05/2005;19.50
05/05/2005;19.50
06/05/2005;19.50
07/05/2005;19.50
08/05/2005;19.50
09/05/2005;19.50
10/05/2005;19.50
11/05/2005;19.50
12/05/2005;19.50
13/05/2005;19.50
14/05/2005;19.50
15/05/2005;19.50
16/05/2005;19.50
17/05/2005;19.50
18/05/2005;19.50
19/05/2005;19.75
20/05/2005;19.75
21/05/2005;19.75
22/05/2005;19.75
23/05/2005;19.75
24/05/2005;19.75
25/05/2005;19.75
26/05/2005;19.75
27/05/2005;19.75
28/05/2005;19.75
29/05/2005;19.75
30/05/2005;19.75
31/05/2005;19.75
01/06/2005;19.75
02/06/2005;19.75
03/06/2005;19.75
04/06/2005;19.75
05/06/2005;19.75
06/06/2005;19.75
07/06/2005;19.75
08/06/2005;19.75
09/06/2005;19.75
10/06/2005;19.75
11/06/2005;19.75
12/06/2005;19.75
13/06/2005;19.75
14/06/2005;19.75
15/06/2005;19.75
16/06/2005;19.75
17/06/2005;19.75
18/06/2005;19.75
19/06/2005;19.75
20/06/2005;19.75
21/06/2005;19.75
22/06/2005;19.75
23/06/2005;19.75
24/06/2005;19.75
25/06/2005;19.75
26/06/2005;19.75
27/06/2005;19.75
28/06/2005;19.75
29/06/2005;19.75
30/06/2005;19.75
01/07/2005;19.75
02/07/2005;19.75
03/07/2005;19.75
04/07/2005;19.75
05/07/2005;19.75
06/07/2005;19.75
07/07/2005;19.75
08/07/2005;19.75
09/07/2005;19.75
10/07/2005;19.75
11/07/2005;19.75
12/07/2005;19.75
13/07/2005;19.75
14/07/2005;19.75
15/07/2005;19.75
16/07/2005;19.75
17/07/2005;19.75
18/07/2005;19.75
19/07/2005;19.75
20/07/2005;19.75
21/07/2005;19.75
22/07/2005;19.75
23/07/2005;19.75
24/07/2005;19.75
25/07/2005;19.75
26/07/2005;19.75
27/07/2005;19.75
28/07/2005;19.75
29/07/2005;19.75
30/07/2005;19.75
31/07/2005;19.75
01/08/2005;19.75
02/08/2005;19.75
03/08/2005;19.75
04/08/2005;19.75
05/08/2005;19.75
06/08/2005;19.75
07/08/2005;19.75
08/08/2005;19.75
09/08/2005;19.75
10/08/2005;19.75
11/08/2005;19.75
12/08/2005;19.75
13/08/2005;19.75
14/08/2005;19.75
15/08/2005;19.75
16/08/2005;19.75
17/08/2005;19.75
18/08/2005;19.75
19/08/2005;19.75
20/08/2005;19.75
21/08/2005;19.75
22/08/2005;19.75
23/08/2005;19.75
24/08/2005;19.75
25/08/2005;19.75
26/08/2005;19.75
27/08/2005;19.75
28/08/2005;19.75
29/08/2005;19.75
30/08/2005;19.75
31/08/2005;19.75
01/09/2005;19.75
02/09/2005;19.75
03/09/2005;19.75
04/09/2005;19.75
05/09/2005;19.75
06/09/2005;19.75
07/09/2005;19.75
08/09/2005;19.75
09/09/2005;19.75
10/09/2005;19.75
11/09/2005;19.75
12/09/2005;19.75
13/09/2005;19.75
14/09/2005;19.75
15/09/2005;19.50
16/09/2005;19.50
17/09/2005;19.50
18/09/2005;19.50
19/09/2005;19.50
20/09/2005;19.50
21/09/2005;19.50
22/09/2005;19.50
23/09/2005;19.50
24/09/2005;19.50
25/09/2005;19.50
26/09/2005;19.50
27/09/2005;19.50
28/09/2005;19.50
29/09/2005;19.50
30/09/2005;19.50
01/10/2005;19.50
02/10/2005;19.50
03/10/2005;19.50
04/10/2005;19.50
05/10/2005;19.50
06/10/2005;19.50
07/10/2005;19.50
08/10/2005;19.50
09/10/2005;19.50
10/10/2005;19.50
11/10/2005;19.50
12/10/2005;19.50
13/10/2005;19.50
14/10/2005;19.50
15/10/2005;19.50
16/10/2005;19.50
17/10/2005;19.50
18/10/2005;19.50
19/10/2005;19.50
20/10/2005;19.00
21/10/2005;19.00
22/10/2005;19.00
23/10/2005;19.00
24/10/2005;19.00
25/10/2005;19.00
26/10/2005;19.00
27/10/2005;19.00
28/10/2005;19.00
29/10/2005;19.00
30/10/2005;19.00
31/10/2005;19.00
01/11/2005;19.00
02/11/2005;19.00
03/11/2005;19.00
04/11/2005;19.00
05/11/2005;19.00
06/11/2005;19.00
07/11/2005;19.00
08/11/2005;19.00
09/11/2005;19.00
10/11/2005;19.00
11/11/2005;19.00
12/11/2005;19.00
13/11/2005;19.00
14/11/2005;19.00
15/11/2005;19.00
16/11/2005;19.00
17/11/2005;19.00
18/11/2005;19.00
19/11/2005;19.00
20/11/2005;19.00
21/11/2005;19.00
22/11/2005;19.00
23/11/2005;19.00
24/11/2005;18.50
25/11/2005;18.50
26/11/2005;18.50
27/11/2005;18.50
28/11/2005;18.50
29/11/2005;18.50
30/11/2005;18.50
01/12/2005;18.50
02/12/2005;18.50
03/12/2005;18.50
04/12/2005;18.50
05/12/2005;18.50
06/12/2005;18.50
07/12/2005;18.50
08/12/2005;18.50
09/12/2005;18.50
10/12/2005;18.50
11/12/2005;18.50
12/12/2005;18.50
13/12/2005;18.50
14/12/2005;18.50
15/12/2005;18.00
16/12/2005;18.00
17/12/2005;18.00
18/12/2005;18.00
19/12/2005;18.00
20/12/2005;18.00
21/12/2005;18.00
22/12/2005;18.00
23/12/2005;18.00
24/12/2005;18.00
25/12/2005;18.00
26/12/2005;18.00
27/12/2005;18.00
28/12/2005;18.00
29/12/2005;18.00
30/12/2005;18.00
31/12/2005;18.00
01/01/2006;18.00
02/01/2006;18.00
03/01/2006;18.00
04/01/2006;18.00
05/01/2006;18.00
06/01/2006;18.00
07/01/2006;18.00
08/01/2006;18.00
09/01/2006;18.00
10/01/2006;18.00
11/01/2006;18.00
12/01/2006;18.00
13/01/2006;18.00
14/01/2006;18.00
15/01/2006;18.00
16/01/2006;18.00
17/01/2006;18.00
18/01/2006;18.00
19/01/2006;17.25
20/01/2006;17.25
21/01/2006;17.25
22/01/2006;17.25
23/01/2006;17.25
24/01/2006;17.25
25/01/2006;17.25
26/01/2006;17.25
27/01/2006;17.25
28/01/2006;17.25
29/01/2006;17.25
30/01/2006;17.25
31/01/2006;17.25
01/02/2006;17.25
02/02/2006;17.25
03/02/2006;17.25
04/02/2006;17.25
05/02/2006;17.25
06/02/2006;17.25
07/02/2006;17.25
08/02/2006;17.25
09/02/2006;17.25
10/02/2006;17.25
11/02/2006;17.25
12/02/2006;17.25
13/02/2006;17.25
14/02/2006;17.25
15/02/2006;17.25
16/02/2006;17.25
17/02/2006;17.25
18/02/2006;17.25
19/02/2006;17.25
20/02/2006;17.25
21/02/2006;17.25
22/02/2006;17.25
23/02/2006;17.25
24/02/2006;17.25
25/02/2006;17.25
26/02/2006;17.25
27/02/2006;17.25
28/02/2006;17.25
01/03/2006;17.25
02/03/2006;17.25
03/03/2006;17.25
04/03/2006;17.25
05/03/2006;17.25
06/03/2006;17.25
07/03/2006;17.25
08/03/2006;17.25
09/03/2006;16.50
10/03/2006;16.50
11/03/2006;16.50
12/03/2006;16.50
13/03/2006;16.50
14/03/2006;16.50
15/03/2006;16.50
16/03/2006;16.50
17/03/2006;16.50
18/03/2006;16.50
19/03/2006;16.50
20/03/2006;16.50
21/03/2006;16.50
22/03/2006;16.50
23/03/2006;16.50
24/03/2006;16.50
25/03/2006;16.50
26/03/2006;16.50
27/03/2006;16.50
28/03/2006;16.50
29/03/2006;16.50
30/03/2006;16.50
31/03/2006;16.50
01/04/2006;16.50
02/04/2006;16.50
03/04/2006;16.50
04/04/2006;16.50
05/04/2006;16.50
06/04/2006;16.50
07/04/2006;16.50
08/04/2006;16.50
09/04/2006;16.50
10/04/2006;16.50
11/04/2006;16.50
12/04/2006;16.50
13/04/2006;16.50
14/04/2006;16.50
15/04/2006;16.50
16/04/2006;16.50
17/04/2006;16.50
18/04/2006;16.50
19/04/2006;15.75
20/04/2006;15.75
21/04/2006;15.75
22/04/2006;15.75
23/04/2006;15.75
24/04/2006;15.75
25/04/2006;15.75
26/04/2006;15.75
27/04/2006;15.75
28/04/2006;15.75
29/04/2006;15.75
30/04/2006;15.75
01/05/2006;15.75
02/05/2006;15.75
03/05/2006;15.75
04/05/2006;15.75
05/05/2006;15.75
06/05/2006;15.75
07/05/2006;15.75
08/05/2006;15.75
09/05/2006;15.75
10/05/2006;15.75
11/05/2006;15.75
12/05/2006;15.75
13/05/2006;15.75
14/05/2006;15.75
15/05/2006;15.75
16/05/2006;15.75
17/05/2006;15.75
18/05/2006;15.75
19/05/2006;15.75
20/05/2006;15.75
21/05/2006;15.75
22/05/2006;15.75
23/05/2006;15.75
24/05/2006;15.75
25/05/2006;15.75
26/05/2006;15.75
27/05/2006;15.75
28/05/2006;15.75
29/05/2006;15.75
30/05/2006;15.75
31/05/2006;15.75
01/06/2006;15.25
02/06/2006;15.25
03/06/2006;15.25
04/06/2006;15.25
05/06/2006;15.25
06/06/2006;15.25
07/06/2006;15.25
08/06/2006;15.25
09/06/2006;15.25
10/06/2006;15.25
11/06/2006;15.25
12/06/2006;15.25
13/06/2006;15.25
14/06/2006;15.25
15/06/2006;15.25
16/06/2006;15.25
17/06/2006;15.25
18/06/2006;15.25
19/06/2006;15.25
20/06/2006;15.25
21/06/2006;15.25
22/06/2006;15.25
23/06/2006;15.25
24/06/2006;15.25
25/06/2006;15.25
26/06/2006;15.25
27/06/2006;15.25
28/06/2006;15.25
29/06/2006;15.25
30/06/2006;15.25
01/07/2006;15.25
02/07/2006;15.25
03/07/2006;15.25
04/07/2006;15.25
05/07/2006;15.25
06/07/2006;15.25
07/07/2006;15.25
08/07/2006;15.25
09/07/2006;15.25
10/07/2006;15.25
11/07/2006;15.25
12/07/2006;15.25
13/07/2006;15.25
14/07/2006;15.25
15/07/2006;15.25
16/07/2006;15.25
17/07/2006;15.25
18/07/2006;15.25
19/07/2006;15.25
20/07/2006;14.75
21/07/2006;14.75
22/07/2006;14.75
23/07/2006;14.75
24/07/2006;14.75
25/07/2006;14.75
26/07/2006;14.75
27/07/2006;14.75
28/07/2006;14.75
29/07/2006;14.75
30/07/2006;14.75
31/07/2006;14.75
01/08/2006;14.75
02/08/2006;14.75
03/08/2006;14.75
04/08/2006;14.75
05/08/2006;14.75
06/08/2006;14.75
07/08/2006;14.75
08/08/2006;14.75
09/08/2006;14.75
10/08/2006;14.75
11/08/2006;14.75
12/08/2006;14.75
13/08/2006;14.75
14/08/2006;14.75
15/08/2006;14.75
16/08/2006;14.75
17/08/2006;14.75
18/08/2006;14.75
19/08/2006;14.75
20/08/2006;14.75
21/08/2006;14.75
22/08/2006;14.75
23/08/2006;14.75
24/08/2006;14.75
25/08/2006;14.75
26/08/2006;14.75
27/08/2006;14.75
28/08/2006;14.75
29/08/2006;14.75
30/08/2006;14.75
31/08/2006;14.25
01/09/2006;14.25
02/09/2006;14.25
03/09/2006;14.25
04/09/2006;14.25
05/09/2006;14.25
06/09/2006;14.25
07/09/2006;14.25
08/09/2006;14.25
09/09/2006;14.25
10/09/2006;14.25
11/09/2006;14.25
12/09/2006;14.25
13/09/2006;14.25
14/09/2006;14.25
15/09/2006;14.25
16/09/2006;14.25
17/09/2006;14.25
18/09/2006;14.25
19/09/2006;14.25
20/09/2006;14.25
21/09/2006;14.25
22/09/2006;14.25
23/09/2006;14.25
24/09/2006;14.25
25/09/2006;14.25
26/09/2006;14.25
27/09/2006;14.25
28/09/2006;14.25
29/09/2006;14.25
30/09/2006;14.25
01/10/2006;14.25
02/10/2006;14.25
03/10/2006;14.25
04/10/2006;14.25
05/10/2006;14.25
06/10/2006;14.25
07/10/2006;14.25
08/10/2006;14.25
09/10/2006;14.25
10/10/2006;14.25
11/10/2006;14.25
12/10/2006;14.25
13/10/2006;14.25
14/10/2006;14.25
15/10/2006;14.25
16/10/2006;14.25
17/10/2006;14.25
18/10/2006;14.25
19/10/2006;13.75
20/10/2006;13.75
21/10/2006;13.75
22/10/2006;13.75
23/10/2006;13.75
24/10/2006;13.75
25/10/2006;13.75
26/10/2006;13.75
27/10/2006;13.75
28/10/2006;13.75
29/10/2006;13.75
30/10/2006;13.75
31/10/2006;13.75
01/11/2006;13.75
02/11/2006;13.75
03/11/2006;13.75
04/11/2006;13.75
05/11/2006;13.75
06/11/2006;13.75
07/11/2006;13.75
08/11/2006;13.75
09/11/2006;13.75
10/11/2006;13.75
11/11/2006;13.75
12/11/2006;13.75
13/11/2006;13.75
14/11/2006;13.75
15/11/2006;13.75
16/11/2006;13.75
17/11/2006;13.75
18/11/2006;13.75
19/11/2006;13.75
20/11/2006;13.75
21/11/2006;13.75
22/11/2006;13.75
23/11/2006;13.75
24/11/2006;13.75
25/11/2006;13.75
26/11/2006;13.75
27/11/2006;13.75
28/11/2006;13.75
29/11/2006;13.75
30/11/2006;13.25
01/12/2006;13.25
02/12/2006;13.25
03/12/2006;13.25
04/12/2006;13.25
05/12/2006;13.25
06/12/2006;13.25
07/12/2006;13.25
08/12/2006;13.25
09/12/2006;13.25
10/12/2006;13.25
11/12/2006;13.25
12/12/2006;13.25
13/12/2006;13.25
14/12/2006;13.25
15/12/2006;13.25
16/12/2006;13.25
17/12/2006;13.25
18/12/2006;13.25
19/12/2006;13.25
20/12/2006;13.25
21/12/2006;13.25
22/12/2006;13.25
23/12/2006;13.25
24/12/2006;13.25
25/12/2006;13.25
26/12/2006;13.25
27/12/2006;13.25
28/12/2006;13.25
29/12/2006;13.25
30/12/2006;13.25
31/12/2006;13.25
01/01/2007;13.25
02/01/2007;13.25
03/01/2007;13.25
04/01/2007;13.25
05/01/2007;13.25
06/01/2007;13.25
07/01/2007;13.25
08/01/2007;13.25
09/01/2007;13.25
10/01/2007;13.25
11/01/2007;13.25
12/01/2007;13.25
13/01/2007;13.25
14/01/2007;13.25
15/01/2007;13.25
16/01/2007;13.25
17/01/2007;13.25
18/01/2007;13.25
19/01/2007;13.25
20/01/2007;13.25
21/01/2007;13.25
22/01/2007;13.25
23/01/2007;13.25
24/01/2007;13.25
25/01/2007;13.00
26/01/2007;13.00
27/01/2007;13.00
28/01/2007;13.00
29/01/2007;13.00
30/01/2007;13.00
31/01/2007;13.00
01/02/2007;13.00
02/02/2007;13.00
03/02/2007;13.00
04/02/2007;13.00
05/02/2007;13.00
06/02/2007;13.00
07/02/2007;13.00
08/02/2007;13.00
09/02/2007;13.00
10/02/2007;13.00
11/02/2007;13.00
12/02/2007;13.00
13/02/2007;13.00
14/02/2007;13.00
15/02/2007;13.00
16/02/2007;13.00
17/02/2007;13.00
18/02/2007;13.00
19/02/2007;13.00
20/02/2007;13.00
21/02/2007;13.00
22/02/2007;13.00
23/02/2007;13.00
24/02/2007;13.00
25/02/2007;13.00
26/02/2007;13.00
27/02/2007;13.00
28/02/2007;13.00
01/03/2007;13.00
02/03/2007;13.00
03/03/2007;13.00
04/03/2007;13.00
05/03/2007;13.00
06/03/2007;13.00
07/03/2007;13.00
08/03/2007;12.75
09/03/2007;12.75
10/03/2007;12.75
11/03/2007;12.75
12/03/2007;12.75
13/03/2007;12.75
14/03/2007;12.75
15/03/2007;12.75
16/03/2007;12.75
17/03/2007;12.75
18/03/2007;12.75
19/03/2007;12.75
20/03/2007;12.75
21/03/2007;12.75
22/03/2007;12.75
23/03/2007;12.75
24/03/2007;12.75
25/03/2007;12.75
26/03/2007;12.75
27/03/2007;12.75
28/03/2007;12.75
29/03/2007;12.75
30/03/2007;12.75
31/03/2007;12.75
01/04/2007;12.75
02/04/2007;12.75
03/04/2007;12.75
04/04/2007;12.75
05/04/2007;12.75
06/04/2007;12.75
07/04/2007;12.75
08/04/2007;12.75
09/04/2007;12.75
10/04/2007;12.75
11/04/2007;12.75
12/04/2007;12.75
13/04/2007;12.75
14/04/2007;12.75
15/04/2007;12.75
16/04/2007;12.75
17/04/2007;12.75
18/04/2007;12.75
19/04/2007;12.50
20/04/2007;12.50
21/04/2007;12.50
22/04/2007;12.50
23/04/2007;12.50
24/04/2007;12.50
25/04/2007;12.50
26/04/2007;12.50
27/04/2007;12.50
28/04/2007;12.50
29/04/2007;12.50
30/04/2007;12.50
01/05/2007;12.50
02/05/2007;12.50
03/05/2007;12.50
04/05/2007;12.50
05/05/2007;12.50
06/05/2007;12.50
07/05/2007;12.50
08/05/2007;12.50
09/05/2007;12.50
10/05/2007;12.50
11/05/2007;12.50
12/05/2007;12.50
13/05/2007;12.50
14/05/2007;12.50
15/05/2007;12.50
16/05/2007;12.50
17/05/2007;12.50
18/05/2007;12.50
19/05/2007;12.50
20/05/2007;12.50
21/05/2007;12.50
22/05/2007;12.50
23/05/2007;12.50
24/05/2007;12.50
25/05/2007;12.50
26/05/2007;12.50
27/05/2007;12.50
28/05/2007;12.50
29/05/2007;12.50
30/05/2007;12.50
31/05/2007;12.50
01/06/2007;12.50
02/06/2007;12.50
03/06/2007;12.50
04/06/2007;12.50
05/06/2007;12.50
06/06/2007;12.50
07/06/2007;12.50
08/06/2007;12.00
09/06/2007;12.00
10/06/2007;12.00
11/06/2007;12.00
12/06/2007;12.00
13/06/2007;12.00
14/06/2007;12.00
15/06/2007;12.00
16/06/2007;12.00
17/06/2007;12.00
18/06/2007;12.00
19/06/2007;12.00
20/06/2007;12.00
21/06/2007;12.00
22/06/2007;12.00
23/06/2007;12.00
24/06/2007;12.00
25/06/2007;12.00
26/06/2007;12.00
27/06/2007;12.00
28/06/2007;12.00
29/06/2007;12.00
30/06/2007;12.00
01/07/2007;12.00
02/07/2007;12.00
03/07/2007;12.00
04/07/2007;12.00
05/07/2007;12.00
06/07/2007;12.00
07/07/2007;12.00
08/07/2007;12.00
09/07/2007;12.00
10/07/2007;12.00
11/07/2007;12.00
12/07/2007;12.00
13/07/2007;12.00
14/07/2007;12.00
15/07/2007;12.00
16/07/2007;12.00
17/07/2007;12.00
18/07/2007;12.00
19/07/2007;11.50
20/07/2007;11.50
21/07/2007;11.50
22/07/2007;11.50
23/07/2007;11.50
24/07/2007;11.50
25/07/2007;11.50
26/07/2007;11.50
27/07/2007;11.50
28/07/2007;11.50
29/07/2007;11.50
30/07/2007;11.50
31/07/2007;11.50
01/08/2007;11.50
02/08/2007;11.50
03/08/2007;11.50
04/08/2007;11.50
05/08/2007;11.50
06/08/2007;11.50
07/08/2007;11.50
08/08/2007;11.50
09/08/2007;11.50
10/08/2007;11.50
11/08/2007;11.50
12/08/2007;11.50
13/08/2007;11.50
14/08/2007;11.50
15/08/2007;11.50
16/08/2007;11.50
17/08/2007;11.50
18/08/2007;11.50
19/08/2007;11.50
20/08/2007;11.50
21/08/2007;11.50
22/08/2007;11.50
23/08/2007;11.50
24/08/2007;11.50
25/08/2007;11.50
26/08/2007;11.50
27/08/2007;11.50
28/08/2007;11.50
29/08/2007;11.50
30/08/2007;11.50
31/08/2007;11.50
01/09/2007;11.50
02/09/2007;11.50
03/09/2007;11.50
04/09/2007;11.50
05/09/2007;11.50
06/09/2007;11.25
07/09/2007;11.25
08/09/2007;11.25
09/09/2007;11.25
10/09/2007;11.25
11/09/2007;11.25
12/09/2007;11.25
13/09/2007;11.25
14/09/2007;11.25
15/09/2007;11.25
16/09/2007;11.25
17/09/2007;11.25
18/09/2007;11.25
19/09/2007;11.25
20/09/2007;11.25
21/09/2007;11.25
22/09/2007;11.25
23/09/2007;11.25
24/09/2007;11.25
25/09/2007;11.25
26/09/2007;11.25
27/09/2007;11.25
28/09/2007;11.25
29/09/2007;11.25
30/09/2007;11.25
01/10/2007;11.25
02/10/2007;11.25
03/10/2007;11.25
04/10/2007;11.25
05/10/2007;11.25
06/10/2007;11.25
07/10/2007;11.25
08/10/2007;11.25
09/10/2007;11.25
10/10/2007;11.25
11/10/2007;11.25
12/10/2007;11.25
13/10/2007;11.25
14/10/2007;11.25
15/10/2007;11.25
16/10/2007;11.25
17/10/2007;11.25
18/10/2007;11.25
19/10/2007;11.25
20/10/2007;11.25
21/10/2007;11.25
22/10/2007;11.25
23/10/2007;11.25
24/10/2007;11.25
25/10/2007;11.25
26/10/2007;11.25
27/10/2007;11.25
28/10/2007;11.25
29/10/2007;11.25
30/10/2007;11.25
31/10/2007;11.25
01/11/2007;11.25
02/11/2007;11.25
03/11/2007;11.25
04/11/2007;11.25
05/11/2007;11.25
06/11/2007;11.25
07/11/2007;11.25
08/11/2007;11.25
09/11/2007;11.25
10/11/2007;11.25
11/11/2007;11.25
12/11/2007;11.25
13/11/2007;11.25
14/11/2007;11.25
15/11/2007;11.25
16/11/2007;11.25
17/11/2007;11.25
18/11/2007;11.25
19/11/2007;11.25
20/11/2007;11.25
21/11/2007;11.25
22/11/2007;11.25
23/11/2007;11.25
24/11/2007;11.25
25/11/2007;11.25
26/11/2007;11.25
27/11/2007;11.25
28/11/2007;11.25
29/11/2007;11.25
30/11/2007;11.25
01/12/2007;11.25
02/12/2007;11.25
03/12/2007;11.25
04/12/2007;11.25
05/12/2007;11.25
06/12/2007;11.25
07/12/2007;11.25
08/12/2007;11.25
09/12/2007;11.25
10/12/2007;11.25
11/12/2007;11.25
12/12/2007;11.25
13/12/2007;11.25
14/12/2007;11.25
15/12/2007;11.25
16/12/2007;11.25
17/12/2007;11.25
18/12/2007;11.25
19/12/2007;11.25
20/12/2007;11.25
21/12/2007;11.25
22/12/2007;11.25
23/12/2007;11.25
24/12/2007;11.25
25/12/2007;11.25
26/12/2007;11.25
27/12/2007;11.25
28/12/2007;11.25
29/12/2007;11.25
30/12/2007;11.25
31/12/2007;11.25
01/01/2008;11.25
02/01/2008;11.25
03/01/2008;11.25
04/01/2008;11.25
05/01/2008;11.25
06/01/2008;11.25
07/01/2008;11.25
08/01/2008;11.25
09/01/2008;11.25
10/01/2008;11.25
11/01/2008;11.25
12/01/2008;11.25
13/01/2008;11.25
14/01/2008;11.25
15/01/2008;11.25
16/01/2008;11.25
17/01/2008;11.25
18/01/2008;11.25
19/01/2008;11.25
20/01/2008;11.25
21/01/2008;11.25
22/01/2008;11.25
23/01/2008;11.25
24/01/2008;11.25
25/01/2008;11.25
26/01/2008;11.25
27/01/2008;11.25
28/01/2008;11.25
29/01/2008;11.25
30/01/2008;11.25
31/01/2008;11.25
01/02/2008;11.25
02/02/2008;11.25
03/02/2008;11.25
04/02/2008;11.25
05/02/2008;11.25
06/02/2008;11.25
07/02/2008;11.25
08/02/2008;11.25
09/02/2008;11.25
10/02/2008;11.25
11/02/2008;11.25
12/02/2008;11.25
13/02/2008;11.25
14/02/2008;11.25
15/02/2008;11.25
16/02/2008;11.25
17/02/2008;11.25
18/02/2008;11.25
19/02/2008;11.25
20/02/2008;11.25
21/02/2008;11.25
22/02/2008;11.25
23/02/2008;11.25
24/02/2008;11.25
25/02/2008;11.25
26/02/2008;11.25
27/02/2008;11.25
28/02/2008;11.25
29/02/2008;11.25
01/03/2008;11.25
02/03/2008;11.25
03/03/2008;11.25
04/03/2008;11.25
05/03/2008;11.25
06/03/2008;11.25
07/03/2008;11.25
08/03/2008;11.25
09/03/2008;11.25
10/03/2008;11.25
11/03/2008;11.25
12/03/2008;11.25
13/03/2008;11.25
14/03/2008;11.25
15/03/2008;11.25
16/03/2008;11.25
17/03/2008;11.25
18/03/2008;11.25
19/03/2008;11.25
20/03/2008;11.25
21/03/2008;11.25
22/03/2008;11.25
23/03/2008;11.25
24/03/2008;11.25
25/03/2008;11.25
26/03/2008;11.25
27/03/2008;11.25
28/03/2008;11.25
29/03/2008;11.25
30/03/2008;11.25
31/03/2008;11.25
01/04/2008;11.25
02/04/2008;11.25
03/04/2008;11.25
04/04/2008;11.25
05/04/2008;11.25
06/04/2008;11.25
07/04/2008;11.25
08/04/2008;11.25
09/04/2008;11.25
10/04/2008;11.25
11/04/2008;11.25
12/04/2008;11.25
13/04/2008;11.25
14/04/2008;11.25
15/04/2008;11.25
16/04/2008;11.25
17/04/2008;11.75
18/04/2008;11.75
19/04/2008;11.75
20/04/2008;11.75
21/04/2008;11.75
22/04/2008;11.75
23/04/2008;11.75
24/04/2008;11.75
25/04/2008;11.75
26/04/2008;11.75
27/04/2008;11.75
28/04/2008;11.75
29/04/2008;11.75
30/04/2008;11.75
01/05/2008;11.75
02/05/2008;11.75
03/05/2008;11.75
04/05/2008;11.75
05/05/2008;11.75
06/05/2008;11.75
07/05/2008;11.75
08/05/2008;11.75
09/05/2008;11.75
10/05/2008;11.75
11/05/2008;11.75
12/05/2008;11.75
13/05/2008;11.75
14/05/2008;11.75
15/05/2008;11.75
16/05/2008;11.75
17/05/2008;11.75
18/05/2008;11.75
19/05/2008;11.75
20/05/2008;11.75
21/05/2008;11.75
22/05/2008;11.75
23/05/2008;11.75
24/05/2008;11.75
25/05/2008;11.75
26/05/2008;11.75
27/05/2008;11.75
28/05/2008;11.75
29/05/2008;11.75
30/05/2008;11.75
31/05/2008;11.75
01/06/2008;11.75
02/06/2008;11.75
03/06/2008;11.75
04/06/2008;11.75
05/06/2008;12.25
06/06/2008;12.25
07/06/2008;12.25
08/06/2008;12.25
09/06/2008;12.25
10/06/2008;12.25
11/06/2008;12.25
12/06/2008;12.25
13/06/2008;12.25
14/06/2008;12.25
15/06/2008;12.25
16/06/2008;12.25
17/06/2008;12.25
18/06/2008;12.25
19/06/2008;12.25
20/06/2008;12.25
21/06/2008;12.25
22/06/2008;12.25
23/06/2008;12.25
24/06/2008;12.25
25/06/2008;12.25
26/06/2008;12.25
27/06/2008;12.25
28/06/2008;12.25
29/06/2008;12.25
30/06/2008;12.25
01/07/2008;12.25
02/07/2008;12.25
03/07/2008;12.25
04/07/2008;12.25
05/07/2008;12.25
06/07/2008;12.25
07/07/2008;12.25
08/07/2008;12.25
09/07/2008;12.25
10/07/2008;12.25
11/07/2008;12.25
12/07/2008;12.25
13/07/2008;12.25
14/07/2008;12.25
15/07/2008;12.25
16/07/2008;12.25
17/07/2008;12.25
18/07/2008;12.25
19/07/2008;12.25
20/07/2008;12.25
21/07/2008;12.25
22/07/2008;12.25
23/07/2008;12.25
24/07/2008;13.00
25/07/2008;13.00
26/07/2008;13.00
27/07/2008;13.00
28/07/2008;13.00
29/07/2008;13.00
30/07/2008;13.00
31/07/2008;13.00
01/08/2008;13.00
02/08/2008;13.00
03/08/2008;13.00
04/08/2008;13.00
05/08/2008;13.00
06/08/2008;13.00
07/08/2008;13.00
08/08/2008;13.00
09/08/2008;13.00
10/08/2008;13.00
11/08/2008;13.00
12/08/2008;13.00
13/08/2008;13.00
14/08/2008;13.00
15/08/2008;13.00
16/08/2008;13.00
17/08/2008;13.00
18/08/2008;13.00
19/08/2008;13.00
20/08/2008;13.00
21/08/2008;13.00
22/08/2008;13.00
23/08/2008;13.00
24/08/2008;13.00
25/08/2008;13.00
26/08/2008;13.00
27/08/2008;13.00
28/08/2008;13.00
29/08/2008;13.00
30/08/2008;13.00
31/08/2008;13.00
01/09/2008;13.00
02/09/2008;13.00
03/09/2008;13.00
04/09/2008;13.00
05/09/2008;13.00
06/09/2008;13.00
07/09/2008;13.00
08/09/2008;13.00
09/09/2008;13.00
10/09/2008;13.00
11/09/2008;13.75
12/09/2008;13.75
13/09/2008;13.75
14/09/2008;13.75
15/09/2008;13.75
16/09/2008;13.75
17/09/2008;13.75
18/09/2008;13.75
19/09/2008;13.75
20/09/2008;13.75
21/09/2008;13.75
22/09/2008;13.75
23/09/2008;13.75
24/09/2008;13.75
25/09/2008;13.75
26/09/2008;13.75
27/09/2008;13.75
28/09/2008;13.75
29/09/2008;13.75
30/09/2008;13.75
01/10/2008;13.75
02/10/2008;13.75
03/10/2008;13.75
04/10/2008;13.75
05/10/2008;13.75
06/10/2008;13.75
07/10/2008;13.75
08/10/2008;13.75
09/10/2008;13.75
10/10/2008;13.75
11/10/2008;13.75
12/10/2008;13.75
13/10/2008;13.75
14/10/2008;13.75
15/10/2008;13.75
16/10/2008;13.75
17/10/2008;13.75
18/10/2008;13.75
19/10/2008;13.75
20/10/2008;13.75
21/10/2008;13.75
22/10/2008;13.75
23/10/2008;13.75
24/10/2008;13.75
25/10/2008;13.75
26/10/2008;13.75
27/10/2008;13.75
28/10/2008;13.75
29/10/2008;13.75
30/10/2008;13.75
31/10/2008;13.75
01/11/2008;13.75
02/11/2008;13.75
03/11/2008;13.75
04/11/2008;13.75
05/11/2008;13.75
06/11/2008;13.75
07/11/2008;13.75
08/11/2008;13.75
09/11/2008;13.75
10/11/2008;13.75
11/11/2008;13.75
12/11/2008;13.75
13/11/2008;13.75
14/11/2008;13.75
15/11/2008;13.75
16/11/2008;13.75
17/11/2008;13.75
18/11/2008;13.75
19/11/2008;13.75
20/11/2008;13.75
21/11/2008;13.75
22/11/2008;13.75
23/11/2008;13.75
24/11/2008;13.75
25/11/2008;13.75
26/11/2008;13.75
27/11/2008;13.75
28/11/2008;13.75
29/11/2008;13.75
30/11/2008;13.75
01/12/2008;13.75
02/12/2008;13.75
03/12/2008;13.75
04/12/2008;13.75
05/12/2008;13.75
06/12/2008;13.75
07/12/2008;13.75
08/12/2008;13.75
09/12/2008;13.75
10/12/2008;13.75
11/12/2008;13.75
12/12/2008;13.75
13/12/2008;13.75
14/12/2008;13.75
15/12/2008;13.75
16/12/2008;13.75
17/12/2008;13.75
18/12/2008;13.75
19/12/2008;13.75
20/12/2008;13.75
21/12/2008;13.75
22/12/2008;13.75
23/12/2008;13.75
24/12/2008;13.75
25/12/2008;13.75
26/12/2008;13.75
27/12/2008;13.75
28/12/2008;13.75
29/12/2008;13.75
30/12/2008;13.75
31/12/2008;13.75
01/01/2009;13.75
02/01/2009;13.75
03/01/2009;13.75
04/01/2009;13.75
05/01/2009;13.75
06/01/2009;13.75
07/01/2009;13.75
08/01/2009;13.75
09/01/2009;13.75
10/01/2009;13.75
11/01/2009;13.75
12/01/2009;13.75
13/01/2009;13.75
14/01/2009;13.75
15/01/2009;13.75
16/01/2009;13.75
17/01/2009;13.75
18/01/2009;13.75
19/01/2009;13.75
20/01/2009;13.75
21/01/2009;13.75
22/01/2009;12.75
23/01/2009;12.75
24/01/2009;12.75
25/01/2009;12.75
26/01/2009;12.75
27/01/2009;12.75
28/01/2009;12.75
29/01/2009;12.75
30/01/2009;12.75
31/01/2009;12.75
01/02/2009;12.75
02/02/2009;12.75
03/02/2009;12.75
04/02/2009;12.75
05/02/2009;12.75
06/02/2009;12.75
07/02/2009;12.75
08/02/2009;12.75
09/02/2009;12.75
10/02/2009;12.75
11/02/2009;12.75
12/02/2009;12.75
13/02/2009;12.75
14/02/2009;12.75
15/02/2009;12.75
16/02/2009;12.75
17/02/2009;12.75
18/02/2009;12.75
19/02/2009;12.75
20/02/2009;12.75
21/02/2009;12.75
22/02/2009;12.75
23/02/2009;12.75
24/02/2009;12.75
25/02/2009;12.75
26/02/2009;12.75
27/02/2009;12.75
28/02/2009;12.75
01/03/2009;12.75
02/03/2009;12.75
03/03/2009;12.75
04/03/2009;12.75
05/03/2009;12.75
06/03/2009;12.75
07/03/2009;12.75
08/03/2009;12.75
09/03/2009;12.75
10/03/2009;12.75
11/03/2009;12.75
12/03/2009;11.25
13/03/2009;11.25
14/03/2009;11.25
15/03/2009;11.25
16/03/2009;11.25
17/03/2009;11.25
18/03/2009;11.25
19/03/2009;11.25
20/03/2009;11.25
21/03/2009;11.25
22/03/2009;11.25
23/03/2009;11.25
24/03/2009;11.25
25/03/2009;11.25
26/03/2009;11.25
27/03/2009;11.25
28/03/2009;11.25
29/03/2009;11.25
30/03/2009;11.25
31/03/2009;11.25
01/04/2009;11.25
02/04/2009;11.25
03/04/2009;11.25
04/04/2009;11.25
05/04/2009;11.25
06/04/2009;11.25
07/04/2009;11.25
08/04/2009;11.25
09/04/2009;11.25
10/04/2009;11.25
11/04/2009;11.25
12/04/2009;11.25
13/04/2009;11.25
14/04/2009;11.25
15/04/2009;11.25
16/04/2009;11.25
17/04/2009;11.25
18/04/2009;11.25
19/04/2009;11.25
20/04/2009;11.25
21/04/2009;11.25
22/04/2009;11.25
23/04/2009;11.25
24/04/2009;11.25
25/04/2009;11.25
26/04/2009;11.25
27/04/2009;11.25
28/04/2009;11.25
29/04/2009;11.25
30/04/2009;10.25
01/05/2009;10.25
02/05/2009;10.25
03/05/2009;10.25
04/05/2009;10.25
05/05/2009;10.25
06/05/2009;10.25
07/05/2009;10.25
08/05/2009;10.25
09/05/2009;10.25
10/05/2009;10.25
11/05/2009;10.25
12/05/2009;10.25
13/05/2009;10.25
14/05/2009;10.25
15/05/2009;10.25
16/05/2009;10.25
17/05/2009;10.25
18/05/2009;10.25
19/05/2009;10.25
20/05/2009;10.25
21/05/2009;10.25
22/05/2009;10.25
23/05/2009;10.25
24/05/2009;10.25
25/05/2009;10.25
26/05/2009;10.25
27/05/2009;10.25
28/05/2009;10.25
29/05/2009;10.25
30/05/2009;10.25
31/05/2009;10.25
01/06/2009;10.25
02/06/2009;10.25
03/06/2009;10.25
04/06/2009;10.25
05/06/2009;10.25
06/06/2009;10.25
07/06/2009;10.25
08/06/2009;10.25
09/06/2009;10.25
10/06/2009;10.25
11/06/2009;10.25
12/06/2009;9.25
13/06/2009;9.25
14/06/2009;9.25
15/06/2009;9.25
16/06/2009;9.25
17/06/2009;9.25
18/06/2009;9.25
19/06/2009;9.25
20/06/2009;9.25
21/06/2009;9.25
22/06/2009;9.25
23/06/2009;9.25
24/06/2009;9.25
25/06/2009;9.25
26/06/2009;9.25
27/06/2009;9.25
28/06/2009;9.25
29/06/2009;9.25
30/06/2009;9.25
01/07/2009;9.25
02/07/2009;9.25
03/07/2009;9.25
04/07/2009;9.25
05/07/2009;9.25
06/07/2009;9.25
07/07/2009;9.25
08/07/2009;9.25
09/07/2009;9.25
10/07/2009;9.25
11/07/2009;9.25
12/07/2009;9.25
13/07/2009;9.25
14/07/2009;9.25
15/07/2009;9.25
16/07/2009;9.25
17/07/2009;9.25
18/07/2009;9.25
19/07/2009;9.25
20/07/2009;9.25
21/07/2009;9.25
22/07/2009;9.25
23/07/2009;8.75
24/07/2009;8.75
25/07/2009;8.75
26/07/2009;8.75
27/07/2009;8.75
28/07/2009;8.75
29/07/2009;8.75
30/07/2009;8.75
31/07/2009;8.75
01/08/2009;8.75
02/08/2009;8.75
03/08/2009;8.75
04/08/2009;8.75
05/08/2009;8.75
06/08/2009;8.75
07/08/2009;8.75
08/08/2009;8.75
09/08/2009;8.75
10/08/2009;8.75
11/08/2009;8.75
12/08/2009;8.75
13/08/2009;8.75
14/08/2009;8.75
15/08/2009;8.75
16/08/2009;8.75
17/08/2009;8.75
18/08/2009;8.75
19/08/2009;8.75
20/08/2009;8.75
21/08/2009;8.75
22/08/2009;8.75
23/08/2009;8.75
24/08/2009;8.75
25/08/2009;8.75
26/08/2009;8.75
27/08/2009;8.75
28/08/2009;8.75
29/08/2009;8.75
30/08/2009;8.75
31/08/2009;8.75
01/09/2009;8.75
02/09/2009;8.75
03/09/2009;8.75
04/09/2009;8.75
05/09/2009;8.75
06/09/2009;8.75
07/09/2009;8.75
08/09/2009;8.75
09/09/2009;8.75
10/09/2009;8.75
11/09/2009;8.75
12/09/2009;8.75
13/09/2009;8.75
14/09/2009;8.75
15/09/2009;8.75
16/09/2009;8.75
17/09/2009;8.75
18/09/2009;8.75
19/09/2009;8.75
20/09/2009;8.75
21/09/2009;8.75
22/09/2009;8.75
23/09/2009;8.75
24/09/2009;8.75
25/09/2009;8.75
26/09/2009;8.75
27/09/2009;8.75
28/09/2009;8.75
29/09/2009;8.75
30/09/2009;8.75
01/10/2009;8.75
02/10/2009;8.75
03/10/2009;8.75
04/10/2009;8.75
05/10/2009;8.75
06/10/2009;8.75
07/10/2009;8.75
08/10/2009;8.75
09/10/2009;8.75
10/10/2009;8.75
11/10/2009;8.75
12/10/2009;8.75
13/10/2009;8.75
14/10/2009;8.75
15/10/2009;8.75
16/10/2009;8.75
17/10/2009;8.75
18/10/2009;8.75
19/10/2009;8.75
20/10/2009;8.75
21/10/2009;8.75
22/10/2009;8.75
23/10/2009;8.75
24/10/2009;8.75
25/10/2009;8.75
26/10/2009;8.75
27/10/2009;8.75
28/10/2009;8.75
29/10/2009;8.75
30/10/2009;8.75
31/10/2009;8.75
01/11/2009;8.75
02/11/2009;8.75
03/11/2009;8.75
04/11/2009;8.75
05/11/2009;8.75
06/11/2009;8.75
07/11/2009;8.75
08/11/2009;8.75
09/11/2009;8.75
10/11/2009;8.75
11/11/2009;8.75
12/11/2009;8.75
13/11/2009;8.75
14/11/2009;8.75
15/11/2009;8.75
16/11/2009;8.75
17/11/2009;8.75
18/11/2009;8.75
19/11/2009;8.75
20/11/2009;8.75
21/11/2009;8.75
22/11/2009;8.75
23/11/2009;8.75
24/11/2009;8.75
25/11/2009;8.75
26/11/2009;8.75
27/11/2009;8.75
28/11/2009;8.75
29/11/2009;8.75
30/11/2009;8.75
01/12/2009;8.75
02/12/2009;8.75
03/12/2009;8.75
04/12/2009;8.75
05/12/2009;8.75
06/12/2009;8.75
07/12/2009;8.75
08/12/2009;8.75
09/12/2009;8.75
10/12/2009;8.75
11/12/2009;8.75
12/12/2009;8.75
13/12/2009;8.75
14/12/2009;8.75
15/12/2009;8.75
16/12/2009;8.75
17/12/2009;8.75
18/12/2009;8.75
19/12/2009;8.75
20/12/2009;8.75
21/12/2009;8.75
22/12/2009;8.75
23/12/2009;8.75
24/12/2009;8.75
25/12/2009;8.75
26/12/2009;8.75
27/12/2009;8.75
28/12/2009;8.75
29/12/2009;8.75
30/12/2009;8.75
31/12/2009;8.75
01/01/2010;8.75
02/01/2010;8.75
03/01/2010;8.75
04/01/2010;8.75
05/01/2010;8.75
06/01/2010;8.75
07/01/2010;8.75
08/01/2010;8.75
09/01/2010;8.75
10/01/2010;8.75
11/01/2010;8.75
12/01/2010;8.75
13/01/2010;8.75
14/01/2010;8.75
15/01/2010;8.75
16/01/2010;8.75
17/01/2010;8.75
18/01/2010;8.75
19/01/2010;8.75
20/01/2010;8.75
21/01/2010;8.75
22/01/2010;8.75
23/01/2010;8.75
24/01/2010;8.75
25/01/2010;8.75
26/01/2010;8.75
27/01/2010;8.75
28/01/2010;8.75
29/01/2010;8.75
30/01/2010;8.75
31/01/2010;8.75
01/02/2010;8.75
02/02/2010;8.75
03/02/2010;8.75
04/02/2010;8.75
05/02/2010;8.75
06/02/2010;8.75
07/02/2010;8.75
08/02/2010;8.75
09/02/2010;8.75
10/02/2010;8.75
11/02/2010;8.75
12/02/2010;8.75
13/02/2010;8.75
14/02/2010;8.75
15/02/2010;8.75
16/02/2010;8.75
17/02/2010;8.75
18/02/2010;8.75
19/02/2010;8.75
20/02/2010;8.75
21/02/2010;8.75
22/02/2010;8.75
23/02/2010;8.75
24/02/2010;8.75
25/02/2010;8.75
26/02/2010;8.75
27/02/2010;8.75
28/02/2010;8.75
01/03/2010;8.75
02/03/2010;8.75
03/03/2010;8.75
04/03/2010;8.75
05/03/2010;8.75
06/03/2010;8.75
07/03/2010;8.75
08/03/2010;8.75
09/03/2010;8.75
10/03/2010;8.75
11/03/2010;8.75
12/03/2010;8.75
13/03/2010;8.75
14/03/2010;8.75
15/03/2010;8.75
16/03/2010;8.75
17/03/2010;8.75
18/03/2010;8.75
19/03/2010;8.75
20/03/2010;8.75
21/03/2010;8.75
22/03/2010;8.75
23/03/2010;8.75
24/03/2010;8.75
25/03/2010;8.75
26/03/2010;8.75
27/03/2010;8.75
28/03/2010;8.75
29/03/2010;8.75
30/03/2010;8.75
31/03/2010;8.75
01/04/2010;8.75
02/04/2010;8.75
03/04/2010;8.75
04/04/2010;8.75
05/04/2010;8.75
06/04/2010;8.75
07/04/2010;8.75
08/04/2010;8.75
09/04/2010;8.75
10/04/2010;8.75
11/04/2010;8.75
12/04/2010;8.75
13/04/2010;8.75
14/04/2010;8.75
15/04/2010;8.75
16/04/2010;8.75
17/04/2010;8.75
18/04/2010;8.75
19/04/2010;8.75
20/04/2010;8.75
21/04/2010;8.75
22/04/2010;8.75
23/04/2010;8.75
24/04/2010;8.75
25/04/2010;8.75
26/04/2010;8.75
27/04/2010;8.75
28/04/2010;8.75
29/04/2010;9.50
30/04/2010;9.50
01/05/2010;9.50
02/05/2010;9.50
03/05/2010;9.50
04/05/2010;9.50
05/05/2010;9.50
06/05/2010;9.50
07/05/2010;9.50
08/05/2010;9.50
09/05/2010;9.50
10/05/2010;9.50
11/05/2010;9.50
12/05/2010;9.50
13/05/2010;9.50
14/05/2010;9.50
15/05/2010;9.50
16/05/2010;9.50
17/05/2010;9.50
18/05/2010;9.50
19/05/2010;9.50
20/05/2010;9.50
21/05/2010;9.50
22/05/2010;9.50
23/05/2010;9.50
24/05/2010;9.50
25/05/2010;9.50
26/05/2010;9.50
27/05/2010;9.50
28/05/2010;9.50
29/05/2010;9.50
30/05/2010;9.50
31/05/2010;9.50
01/06/2010;9.50
02/06/2010;9.50
03/06/2010;9.50
04/06/2010;9.50
05/06/2010;9.50
06/06/2010;9.50
07/06/2010;9.50
08/06/2010;9.50
09/06/2010;9.50
10/06/2010;10.25
11/06/2010;10.25
12/06/2010;10.25
13/06/2010;10.25
14/06/2010;10.25
15/06/2010;10.25
16/06/2010;10.25
17/06/2010;10.25
18/06/2010;10.25
19/06/2010;10.25
20/06/2010;10.25
21/06/2010;10.25
22/06/2010;10.25
23/06/2010;10.25
24/06/2010;10.25
25/06/2010;10.25
26/06/2010;10.25
27/06/2010;10.25
28/06/2010;10.25
29/06/2010;10.25
30/06/2010;10.25
01/07/2010;10.25
02/07/2010;10.25
03/07/2010;10.25
04/07/2010;10.25
05/07/2010;10.25
06/07/2010;10.25
07/07/2010;10.25
08/07/2010;10.25
09/07/2010;10.25
10/07/2010;10.25
11/07/2010;10.25
12/07/2010;10.25
13/07/2010;10.25
14/07/2010;10.25
15/07/2010;10.25
16/07/2010;10.25
17/07/2010;10.25
18/07/2010;10.25
19/07/2010;10.25
20/07/2010;10.25
21/07/2010;10.25
22/07/2010;10.75
23/07/2010;10.75
24/07/2010;10.75
25/07/2010;10.75
26/07/2010;10.75
27/07/2010;10.75
28/07/2010;10.75
29/07/2010;10.75
30/07/2010;10.75
31/07/2010;10.75
01/08/2010;10.75
02/08/2010;10.75
03/08/2010;10.75
04/08/2010;10.75
05/08/2010;10.75
06/08/2010;10.75
07/08/2010;10.75
08/08/2010;10.75
09/08/2010;10.75
10/08/2010;10.75
11/08/2010;10.75
12/08/2010;10.75
13/08/2010;10.75
14/08/2010;10.75
15/08/2010;10.75
16/08/2010;10.75
17/08/2010;10.75
18/08/2010;10.75
19/08/2010;10.75
20/08/2010;10.75
21/08/2010;10.75
22/08/2010;10.75
23/08/2010;10.75
24/08/2010;10.75
25/08/2010;10.75
26/08/2010;10.75
27/08/2010;10.75
28/08/2010;10.75
29/08/2010;10.75
30/08/2010;10.75
31/08/2010;10.75
01/09/2010;10.75
02/09/2010;10.75
03/09/2010;10.75
04/09/2010;10.75
05/09/2010;10.75
06/09/2010;10.75
07/09/2010;10.75
08/09/2010;10.75
09/09/2010;10.75
10/09/2010;10.75
11/09/2010;10.75
12/09/2010;10.75
13/09/2010;10.75
14/09/2010;10.75
15/09/2010;10.75
16/09/2010;10.75
17/09/2010;10.75
18/09/2010;10.75
19/09/2010;10.75
20/09/2010;10.75
21/09/2010;10.75
22/09/2010;10.75
23/09/2010;10.75
24/09/2010;10.75
25/09/2010;10.75
26/09/2010;10.75
27/09/2010;10.75
28/09/2010;10.75
29/09/2010;10.75
30/09/2010;10.75
01/10/2010;10.75
02/10/2010;10.75
03/10/2010;10.75
04/10/2010;10.75
05/10/2010;10.75
06/10/2010;10.75
07/10/2010;10.75
08/10/2010;10.75
09/10/2010;10.75
10/10/2010;10.75
11/10/2010;10.75
12/10/2010;10.75
13/10/2010;10.75
14/10/2010;10.75
15/10/2010;10.75
16/10/2010;10.75
17/10/2010;10.75
18/10/2010;10.75
19/10/2010;10.75
20/10/2010;10.75
21/10/2010;10.75
22/10/2010;10.75
23/10/2010;10.75
24/10/2010;10.75
25/10/2010;10.75
26/10/2010;10.75
27/10/2010;10.75
28/10/2010;10.75
29/10/2010;10.75
30/10/2010;10.75
31/10/2010;10.75
01/11/2010;10.75
02/11/2010;10.75
03/11/2010;10.75
04/11/2010;10.75
05/11/2010;10.75
06/11/2010;10.75
07/11/2010;10.75
08/11/2010;10.75
09/11/2010;10.75
10/11/2010;10.75
11/11/2010;10.75
12/11/2010;10.75
13/11/2010;10.75
14/11/2010;10.75
15/11/2010;10.75
16/11/2010;10.75
17/11/2010;10.75
18/11/2010;10.75
19/11/2010;10.75
20/11/2010;10.75
21/11/2010;10.75
22/11/2010;10.75
23/11/2010;10.75
24/11/2010;10.75
25/11/2010;10.75
26/11/2010;10.75
27/11/2010;10.75
28/11/2010;10.75
29/11/2010;10.75
30/11/2010;10.75
01/12/2010;10.75
02/12/2010;10.75
03/12/2010;10.75
04/12/2010;10.75
05/12/2010;10.75
06/12/2010;10.75
07/12/2010;10.75
08/12/2010;10.75
09/12/2010;10.75
10/12/2010;10.75
11/12/2010;10.75
12/12/2010;10.75
13/12/2010;10.75
14/12/2010;10.75
15/12/2010;10.75
16/12/2010;10.75
17/12/2010;10.75
18/12/2010;10.75
19/12/2010;10.75
20/12/2010;10.75
21/12/2010;10.75
22/12/2010;10.75
23/12/2010;10.75
24/12/2010;10.75
25/12/2010;10.75
26/12/2010;10.75
27/12/2010;10.75
28/12/2010;10.75
29/12/2010;10.75
30/12/2010;10.75
31/12/2010;10.75
01/01/2011;10.75
02/01/2011;10.75
03/01/2011;10.75
04/01/2011;10.75
05/01/2011;10.75
06/01/2011;10.75
07/01/2011;10.75
08/01/2011;10.75
09/01/2011;10.75
10/01/2011;10.75
11/01/2011;10.75
12/01/2011;10.75
13/01/2011;10.75
14/01/2011;10.75
15/01/2011;10.75
16/01/2011;10.75
17/01/2011;10.75
18/01/2011;10.75
19/01/2011;10.75
20/01/2011;11.25
21/01/2011;11.25
22/01/2011;11.25
23/01/2011;11.25
24/01/2011;11.25
25/01/2011;11.25
26/01/2011;11.25
27/01/2011;11.25
28/01/2011;11.25
29/01/2011;11.25
30/01/2011;11.25
31/01/2011;11.25
01/02/2011;11.25
02/02/2011;11.25
03/02/2011;11.25
04/02/2011;11.25
05/02/2011;11.25
06/02/2011;11.25
07/02/2011;11.25
08/02/2011;11.25
09/02/2011;11.25
10/02/2011;11.25
11/02/2011;11.25
12/02/2011;11.25
13/02/2011;11.25
14/02/2011;11.25
15/02/2011;11.25
16/02/2011;11.25
17/02/2011;11.25
18/02/2011;11.25
19/02/2011;11.25
20/02/2011;11.25
21/02/2011;11.25
22/02/2011;11.25
23/02/2011;11.25
24/02/2011;11.25
25/02/2011;11.25
26/02/2011;11.25
27/02/2011;11.25
28/02/2011;11.25
01/03/2011;11.25
02/03/2011;11.25
03/03/2011;11.75
04/03/2011;11.75
05/03/2011;11.75
06/03/2011;11.75
07/03/2011;11.75
08/03/2011;11.75
09/03/2011;11.75
10/03/2011;11.75
11/03/2011;11.75
12/03/2011;11.75
13/03/2011;11.75
14/03/2011;11.75
15/03/2011;11.75
16/03/2011;11.75
17/03/2011;11.75
18/03/2011;11.75
19/03/2011;11.75
20/03/2011;11.75
21/03/2011;11.75
22/03/2011;11.75
23/03/2011;11.75
24/03/2011;11.75
25/03/2011;11.75
26/03/2011;11.75
27/03/2011;11.75
28/03/2011;11.75
29/03/2011;11.75
30/03/2011;11.75
31/03/2011;11.75
01/04/2011;11.75
02/04/2011;11.75
03/04/2011;11.75
04/04/2011;11.75
05/04/2011;11.75
06/04/2011;11.75
07/04/2011;11.75
08/04/2011;11.75
09/04/2011;11.75
10/04/2011;11.75
11/04/2011;11.75
12/04/2011;11.75
13/04/2011;11.75
14/04/2011;11.75
15/04/2011;11.75
16/04/2011;11.75
17/04/2011;11.75
18/04/2011;11.75
19/04/2011;11.75
20/04/2011;11.75
21/04/2011;11.75
22/04/2011;11.75
23/04/2011;11.75
24/04/2011;11.75
25/04/2011;12.00
26/04/2011;12.00
27/04/2011;12.00
28/04/2011;12.00
29/04/2011;12.00
30/04/2011;12.00
01/05/2011;12.00
02/05/2011;12.00
03/05/2011;12.00
04/05/2011;12.00
05/05/2011;12.00
06/05/2011;12.00
07/05/2011;12.00
08/05/2011;12.00
09/05/2011;12.00
10/05/2011;12.00
11/05/2011;12.00
12/05/2011;12.00
13/05/2011;12.00
14/05/2011;12.00
15/05/2011;12.00
16/05/2011;12.00
17/05/2011;12.00
18/05/2011;12.00
19/05/2011;12.00
20/05/2011;12.00
21/05/2011;12.00
22/05/2011;12.00
23/05/2011;12.00
24/05/2011;12.00
25/05/2011;12.00
26/05/2011;12.00
27/05/2011;12.00
28/05/2011;12.00
29/05/2011;12.00
30/05/2011;12.00
31/05/2011;12.00
01/06/2011;12.00
02/06/2011;12.00
03/06/2011;12.00
04/06/2011;12.00
05/06/2011;12.00
06/06/2011;12.00
07/06/2011;12.00
08/06/2011;12.00
09/06/2011;12.25
10/06/2011;12.25
11/06/2011;12.25
12/06/2011;12.25
13/06/2011;12.25
14/06/2011;12.25
15/06/2011;12.25
16/06/2011;12.25
17/06/2011;12.25
18/06/2011;12.25
19/06/2011;12.25
20/06/2011;12.25
21/06/2011;12.25
22/06/2011;12.25
23/06/2011;12.25
24/06/2011;12.25
25/06/2011;12.25
26/06/2011;12.25
27/06/2011;12.25
28/06/2011;12.25
29/06/2011;12.25
30/06/2011;12.25
01/07/2011;12.25
02/07/2011;12.25
03/07/2011;12.25
04/07/2011;12.25
05/07/2011;12.25
06/07/2011;12.25
07/07/2011;12.25
08/07/2011;12.25
09/07/2011;12.25
10/07/2011;12.25
11/07/2011;12.25
12/07/2011;12.25
13/07/2011;12.25
14/07/2011;12.25
15/07/2011;12.25
16/07/2011;12.25
17/07/2011;12.25
18/07/2011;12.25
19/07/2011;12.25
20/07/2011;12.25
21/07/2011;12.50
22/07/2011;12.50
23/07/2011;12.50
24/07/2011;12.50
25/07/2011;12.50
26/07/2011;12.50
27/07/2011;12.50
28/07/2011;12.50
29/07/2011;12.50
30/07/2011;12.50
31/07/2011;12.50
01/08/2011;12.50
02/08/2011;12.50
03/08/2011;12.50
04/08/2011;12.50
05/08/2011;12.50
06/08/2011;12.50
07/08/2011;12.50
08/08/2011;12.50
09/08/2011;12.50
10/08/2011;12.50
11/08/2011;12.50
12/08/2011;12.50
13/08/2011;12.50
14/08/2011;12.50
15/08/2011;12.50
16/08/2011;12.50
17/08/2011;12.50
18/08/2011;12.50
19/08/2011;12.50
20/08/2011;12.50
21/08/2011;12.50
22/08/2011;12.50
23/08/2011;12.50
24/08/2011;12.50
25/08/2011;12.50
26/08/2011;12.50
27/08/2011;12.50
28/08/2011;12.50
29/08/2011;12.50
30/08/2011;12.50
31/08/2011;12.50
01/09/2011;12.00
02/09/2011;12.00
03/09/2011;12.00
04/09/2011;12.00
05/09/2011;12.00
06/09/2011;12.00
07/09/2011;12.00
08/09/2011;12.00
09/09/2011;12.00
10/09/2011;12.00
11/09/2011;12.00
12/09/2011;12.00
13/09/2011;12.00
14/09/2011;12.00
15/09/2011;12.00
16/09/2011;12.00
17/09/2011;12.00
18/09/2011;12.00
19/09/2011;12.00
20/09/2011;12.00
21/09/2011;12.00
22/09/2011;12.00
23/09/2011;12.00
24/09/2011;12.00
25/09/2011;12.00
26/09/2011;12.00
27/09/2011;12.00
28/09/2011;12.00
29/09/2011;12.00
30/09/2011;12.00
01/10/2011;12.00
02/10/2011;12.00
03/10/2011;12.00
04/10/2011;12.00
05/10/2011;12.00
06/10/2011;12.00
07/10/2011;12.00
08/10/2011;12.00
09/10/2011;12.00
10/10/2011;12.00
11/10/2011;12.00
12/10/2011;12.00
13/10/2011;12.00
14/10/2011;12.00
15/10/2011;12.00
16/10/2011;12.00
17/10/2011;12.00
18/10/2011;12.00
19/10/2011;12.00
20/10/2011;11.50
21/10/2011;11.50
22/10/2011;11.50
23/10/2011;11.50
24/10/2011;11.50
25/10/2011;11.50
26/10/2011;11.50
27/10/2011;11.50
28/10/2011;11.50
29/10/2011;11.50
30/10/2011;11.50
31/10/2011;11.50
01/11/2011;11.50
02/11/2011;11.50
03/11/2011;11.50
04/11/2011;11.50
05/11/2011;11.50
06/11/2011;11.50
07/11/2011;11.50
08/11/2011;11.50
09/11/2011;11.50
10/11/2011;11.50
11/11/2011;11.50
12/11/2011;11.50
13/11/2011;11.50
14/11/2011;11.50
15/11/2011;11.50
16/11/2011;11.50
17/11/2011;11.50
18/11/2011;11.50
19/11/2011;11.50
20/11/2011;11.50
21/11/2011;11.50
22/11/2011;11.50
23/11/2011;11.50
24/11/2011;11.50
25/11/2011;11.50
26/11/2011;11.50
27/11/2011;11.50
28/11/2011;11.50
29/11/2011;11.50
30/11/2011;11.50
01/12/2011;11.00
02/12/2011;11.00
03/12/2011;11.00
04/12/2011;11.00
05/12/2011;11.00
06/12/2011;11.00
07/12/2011;11.00
08/12/2011;11.00
09/12/2011;11.00
10/12/2011;11.00
11/12/2011;11.00
12/12/2011;11.00
13/12/2011;11.00
14/12/2011;11.00
15/12/2011;11.00
16/12/2011;11.00
17/12/2011;11.00
18/12/2011;11.00
19/12/2011;11.00
20/12/2011;11.00
21/12/2011;11.00
22/12/2011;11.00
23/12/2011;11.00
24/12/2011;11.00
25/12/2011;11.00
26/12/2011;11.00
27/12/2011;11.00
28/12/2011;11.00
29/12/2011;11.00
30/12/2011;11.00
31/12/2011;11.00
01/01/2012;11.00
02/01/2012;11.00
03/01/2012;11.00
04/01/2012;11.00
05/01/2012;11.00
06/01/2012;11.00
07/01/2012;11.00
08/01/2012;11.00
09/01/2012;11.00
10/01/2012;11.00
11/01/2012;11.00
12/01/2012;11.00
13/01/2012;11.00
14/01/2012;11.00
15/01/2012;11.00
16/01/2012;11.00
17/01/2012;11.00
18/01/2012;11.00
19/01/2012;10.50
20/01/2012;10.50
21/01/2012;10.50
22/01/2012;10.50
23/01/2012;10.50
24/01/2012;10.50
25/01/2012;10.50
26/01/2012;10.50
27/01/2012;10.50
28/01/2012;10.50
29/01/2012;10.50
30/01/2012;10.50
31/01/2012;10.50
01/02/2012;10.50
02/02/2012;10.50
03/02/2012;10.50
04/02/2012;10.50
05/02/2012;10.50
06/02/2012;10.50
07/02/2012;10.50
08/02/2012;10.50
09/02/2012;10.50
10/02/2012;10.50
11/02/2012;10.50
12/02/2012;10.50
13/02/2012;10.50
14/02/2012;10.50
15/02/2012;10.50
16/02/2012;10.50
17/02/2012;10.50
18/02/2012;10.50
19/02/2012;10.50
20/02/2012;10.50
21/02/2012;10.50
22/02/2012;10.50
23/02/2012;10.50
24/02/2012;10.50
25/02/2012;10.50
26/02/2012;10.50
27/02/2012;10.50
28/02/2012;10.50
29/02/2012;10.50
01/03/2012;10.50
02/03/2012;10.50
03/03/2012;10.50
04/03/2012;10.50
05/03/2012;10.50
06/03/2012;10.50
07/03/2012;10.50
08/03/2012;9.75
09/03/2012;9.75
10/03/2012;9.75
11/03/2012;9.75
12/03/2012;9.75
13/03/2012;9.75
14/03/2012;9.75
15/03/2012;9.75
16/03/2012;9.75
17/03/2012;9.75
18/03/2012;9.75
19/03/2012;9.75
20/03/2012;9.75
21/03/2012;9.75
22/03/2012;9.75
23/03/2012;9.75
24/03/2012;9.75
25/03/2012;9.75
26/03/2012;9.75
27/03/2012;9.75
28/03/2012;9.75
29/03/2012;9.75
30/03/2012;9.75
31/03/2012;9.75
01/04/2012;9.75
02/04/2012;9.75
03/04/2012;9.75
04/04/2012;9.75
05/04/2012;9.75
06/04/2012;9.75
07/04/2012;9.75
08/04/2012;9.75
09/04/2012;9.75
10/04/2012;9.75
11/04/2012;9.75
12/04/2012;9.75
13/04/2012;9.75
14/04/2012;9.75
15/04/2012;9.75
16/04/2012;9.75
17/04/2012;9.75
18/04/2012;9.75
19/04/2012;9.00
20/04/2012;9.00
21/04/2012;9.00
22/04/2012;9.00
23/04/2012;9.00
24/04/2012;9.00
25/04/2012;9.00
26/04/2012;9.00
27/04/2012;9.00
28/04/2012;9.00
29/04/2012;9.00
30/04/2012;9.00
01/05/2012;9.00
02/05/2012;9.00
03/05/2012;9.00
04/05/2012;9.00
05/05/2012;9.00
06/05/2012;9.00
07/05/2012;9.00
08/05/2012;9.00
09/05/2012;9.00
10/05/2012;9.00
11/05/2012;9.00
12/05/2012;9.00
13/05/2012;9.00
14/05/2012;9.00
15/05/2012;9.00
16/05/2012;9.00
17/05/2012;9.00
18/05/2012;9.00
19/05/2012;9.00
20/05/2012;9.00
21/05/2012;9.00
22/05/2012;9.00
23/05/2012;9.00
24/05/2012;9.00
25/05/2012;9.00
26/05/2012;9.00
27/05/2012;9.00
28/05/2012;9.00
29/05/2012;9.00
30/05/2012;9.00
31/05/2012;8.50
01/06/2012;8.50
02/06/2012;8.50
03/06/2012;8.50
04/06/2012;8.50
05/06/2012;8.50
06/06/2012;8.50
07/06/2012;8.50
08/06/2012;8.50
09/06/2012;8.50
10/06/2012;8.50
11/06/2012;8.50
12/06/2012;8.50
13/06/2012;8.50
14/06/2012;8.50
15/06/2012;8.50
16/06/2012;8.50
17/06/2012;8.50
18/06/2012;8.50
19/06/2012;8.50
20/06/2012;8.50
21/06/2012;8.50
22/06/2012;8.50
23/06/2012;8.50
24/06/2012;8.50
25/06/2012;8.50
26/06/2012;8.50
27/06/2012;8.50
28/06/2012;8.50
29/06/2012;8.50
30/06/2012;8.50
01/07/2012;8.50
02/07/2012;8.50
03/07/2012;8.50
04/07/2012;8.50
05/07/2012;8.50
06/07/2012;8.50
07/07/2012;8.50
08/07/2012;8.50
09/07/2012;8.50
10/07/2012;8.50
11/07/2012;8.50
12/07/2012;8.00
13/07/2012;8.00
14/07/2012;8.00
15/07/2012;8.00
16/07/2012;8.00
17/07/2012;8.00
18/07/2012;8.00
19/07/2012;8.00
20/07/2012;8.00
21/07/2012;8.00
22/07/2012;8.00
23/07/2012;8.00
24/07/2012;8.00
25/07/2012;8.00
26/07/2012;8.00
27/07/2012;8.00
28/07/2012;8.00
29/07/2012;8.00
30/07/2012;8.00
31/07/2012;8.00
01/08/2012;8.00
02/08/2012;8.00
03/08/2012;8.00
04/08/2012;8.00
05/08/2012;8.00
06/08/2012;8.00
07/08/2012;8.00
08/08/2012;8.00
09/08/2012;8.00
10/08/2012;8.00
11/08/2012;8.00
12/08/2012;8.00
13/08/2012;8.00
14/08/2012;8.00
15/08/2012;8.00
16/08/2012;8.00
17/08/2012;8.00
18/08/2012;8.00
19/08/2012;8.00
20/08/2012;8.00
21/08/2012;8.00
22/08/2012;8.00
23/08/2012;8.00
24/08/2012;8.00
25/08/2012;8.00
26/08/2012;8.00
27/08/2012;8.00
28/08/2012;8.00
29/08/2012;8.00
30/08/2012;7.50
31/08/2012;7.50
01/09/2012;7.50
02/09/2012;7.50
03/09/2012;7.50
04/09/2012;7.50
05/09/2012;7.50
06/09/2012;7.50
07/09/2012;7.50
08/09/2012;7.50
09/09/2012;7.50
10/09/2012;7.50
11/09/2012;7.50
12/09/2012;7.50
13/09/2012;7.50
14/09/2012;7.50
15/09/2012;7.50
16/09/2012;7.50
17/09/2012;7.50
18/09/2012;7.50
19/09/2012;7.50
20/09/2012;7.50
21/09/2012;7.50
22/09/2012;7.50
23/09/2012;7.50
24/09/2012;7.50
25/09/2012;7.50
26/09/2012;7.50
27/09/2012;7.50
28/09/2012;7.50
29/09/2012;7.50
30/09/2012;7.50
01/10/2012;7.50
02/10/2012;7.50
03/10/2012;7.50
04/10/2012;7.50
05/10/2012;7.50
06/10/2012;7.50
07/10/2012;7.50
08/10/2012;7.50
09/10/2012;7.50
10/10/2012;7.50
11/10/2012;7.25
12/10/2012;7.25
13/10/2012;7.25
14/10/2012;7.25
15/10/2012;7.25
16/10/2012;7.25
17/10/2012;7.25
18/10/2012;7.25
19/10/2012;7.25
20/10/2012;7.25
21/10/2012;7.25
22/10/2012;7.25
23/10/2012;7.25
24/10/2012;7.25
25/10/2012;7.25
26/10/2012;7.25
27/10/2012;7.25
28/10/2012;7.25
29/10/2012;7.25
30/10/2012;7.25
31/10/2012;7.25
01/11/2012;7.25
02/11/2012;7.25
03/11/2012;7.25
04/11/2012;7.25
05/11/2012;7.25
06/11/2012;7.25
07/11/2012;7.25
08/11/2012;7.25
09/11/2012;7.25
10/11/2012;7.25
11/11/2012;7.25
12/11/2012;7.25
13/11/2012;7.25
14/11/2012;7.25
15/11/2012;7.25
16/11/2012;7.25
17/11/2012;7.25
18/11/2012;7.25
19/11/2012;7.25
20/11/2012;7.25
21/11/2012;7.25
22/11/2012;7.25
23/11/2012;7.25
24/11/2012;7.25
25/11/2012;7.25
26/11/2012;7.25
27/11/2012;7.25
28/11/2012;7.25
29/11/2012;7.25
30/11/2012;7.25
01/12/2012;7.25
02/12/2012;7.25
03/12/2012;7.25
04/12/2012;7.25
05/12/2012;7.25
06/12/2012;7.25
07/12/2012;7.25
08/12/2012;7.25
09/12/2012;7.25
10/12/2012;7.25
11/12/2012;7.25
12/12/2012;7.25
13/12/2012;7.25
14/12/2012;7.25
15/12/2012;7.25
16/12/2012;7.25
17/12/2012;7.25
18/12/2012;7.25
19/12/2012;7.25
20/12/2012;7.25
21/12/2012;7.25
22/12/2012;7.25
23/12/2012;7.25
24/12/2012;7.25
25/12/2012;7.25
26/12/2012;7.25
27/12/2012;7.25
28/12/2012;7.25
29/12/2012;7.25
30/12/2012;7.25
31/12/2012;7.25
01/01/2013;7.25
02/01/2013;7.25
03/01/2013;7.25
04/01/2013;7.25
05/01/2013;7.25
06/01/2013;7.25
07/01/2013;7.25
08/01/2013;7.25
09/01/2013;7.25
10/01/2013;7.25
11/01/2013;7.25
12/01/2013;7.25
13/01/2013;7.25
14/01/2013;7.25
15/01/2013;7.25
16/01/2013;7.25
17/01/2013;7.25
18/01/2013;7.25
19/01/2013;7.25
20/01/2013;7.25
21/01/2013;7.25
22/01/2013;7.25
23/01/2013;7.25
24/01/2013;7.25
25/01/2013;7.25
26/01/2013;7.25
27/01/2013;7.25
28/01/2013;7.25
29/01/2013;7.25
30/01/2013;7.25
31/01/2013;7.25
01/02/2013;7.25
02/02/2013;7.25
03/02/2013;7.25
04/02/2013;7.25
05/02/2013;7.25
06/02/2013;7.25
07/02/2013;7.25
08/02/2013;7.25
09/02/2013;7.25
10/02/2013;7.25
11/02/2013;7.25
12/02/2013;7.25
13/02/2013;7.25
14/02/2013;7.25
15/02/2013;7.25
16/02/2013;7.25
17/02/2013;7.25
18/02/2013;7.25
19/02/2013;7.25
20/02/2013;7.25
21/02/2013;7.25
22/02/2013;7.25
23/02/2013;7.25
24/02/2013;7.25
25/02/2013;7.25
26/02/2013;7.25
27/02/2013;7.25
28/02/2013;7.25
01/03/2013;7.25
02/03/2013;7.25
03/03/2013;7.25
04/03/2013;7.25
05/03/2013;7.25
06/03/2013;7.25
07/03/2013;7.25
08/03/2013;7.25
09/03/2013;7.25
10/03/2013;7.25
11/03/2013;7.25
12/03/2013;7.25
13/03/2013;7.25
14/03/2013;7.25
15/03/2013;7.25
16/03/2013;7.25
17/03/2013;7.25
18/03/2013;7.25
19/03/2013;7.25
20/03/2013;7.25
21/03/2013;7.25
22/03/2013;7.25
23/03/2013;7.25
24/03/2013;7.25
25/03/2013;7.25
26/03/2013;7.25
27/03/2013;7.25
28/03/2013;7.25
29/03/2013;7.25
30/03/2013;7.25
31/03/2013;7.25
01/04/2013;7.25
02/04/2013;7.25
03/04/2013;7.25
04/04/2013;7.25
05/04/2013;7.25
06/04/2013;7.25
07/04/2013;7.25
08/04/2013;7.25
09/04/2013;7.25
10/04/2013;7.25
11/04/2013;7.25
12/04/2013;7.25
13/04/2013;7.25
14/04/2013;7.25
15/04/2013;7.25
16/04/2013;7.25
17/04/2013;7.25
18/04/2013;7.50
19/04/2013;7.50
20/04/2013;7.50
21/04/2013;7.50
22/04/2013;7.50
23/04/2013;7.50
24/04/2013;7.50
25/04/2013;7.50
26/04/2013;7.50
27/04/2013;7.50
28/04/2013;7.50
29/04/2013;7.50
30/04/2013;7.50
01/05/2013;7.50
02/05/2013;7.50
03/05/2013;7.50
04/05/2013;7.50
05/05/2013;7.50
06/05/2013;7.50
07/05/2013;7.50
08/05/2013;7.50
09/05/2013;7.50
10/05/2013;7.50
11/05/2013;7.50
12/05/2013;7.50
13/05/2013;7.50
14/05/2013;7.50
15/05/2013;7.50
16/05/2013;7.50
17/05/2013;7.50
18/05/2013;7.50
19/05/2013;7.50
20/05/2013;7.50
21/05/2013;7.50
22/05/2013;7.50
23/05/2013;7.50
24/05/2013;7.50
25/05/2013;7.50
26/05/2013;7.50
27/05/2013;7.50
28/05/2013;7.50
29/05/2013;7.50
30/05/2013;8.00
31/05/2013;8.00
01/06/2013;8.00
02/06/2013;8.00
03/06/2013;8.00
04/06/2013;8.00
05/06/2013;8.00
06/06/2013;8.00
07/06/2013;8.00
08/06/2013;8.00
09/06/2013;8.00
10/06/2013;8.00
11/06/2013;8.00
12/06/2013;8.00
13/06/2013;8.00
14/06/2013;8.00
15/06/2013;8.00
16/06/2013;8.00
17/06/2013;8.00
18/06/2013;8.00
19/06/2013;8.00
20/06/2013;8.00
21/06/2013;8.00
22/06/2013;8.00
23/06/2013;8.00
24/06/2013;8.00
25/06/2013;8.00
26/06/2013;8.00
27/06/2013;8.00
28/06/2013;8.00
29/06/2013;8.00
30/06/2013;8.00
01/07/2013;8.00
02/07/2013;8.00
03/07/2013;8.00
04/07/2013;8.00
05/07/2013;8.00
06/07/2013;8.00
07/07/2013;8.00
08/07/2013;8.00
09/07/2013;8.00
10/07/2013;8.00
11/07/2013;8.50
12/07/2013;8.50
13/07/2013;8.50
14/07/2013;8.50
15/07/2013;8.50
16/07/2013;8.50
17/07/2013;8.50
18/07/2013;8.50
19/07/2013;8.50
20/07/2013;8.50
21/07/2013;8.50
22/07/2013;8.50
23/07/2013;8.50
24/07/2013;8.50
25/07/2013;8.50
26/07/2013;8.50
27/07/2013;8.50
28/07/2013;8.50
29/07/2013;8.50
30/07/2013;8.50
31/07/2013;8.50
01/08/2013;8.50
02/08/2013;8.50
03/08/2013;8.50
04/08/2013;8.50
05/08/2013;8.50
06/08/2013;8.50
07/08/2013;8.50
08/08/2013;8.50
09/08/2013;8.50
10/08/2013;8.50
11/08/2013;8.50
12/08/2013;8.50
13/08/2013;8.50
14/08/2013;8.50
15/08/2013;8.50
16/08/2013;8.50
17/08/2013;8.50
18/08/2013;8.50
19/08/2013;8.50
20/08/2013;8.50
21/08/2013;8.50
22/08/2013;8.50
23/08/2013;8.50
24/08/2013;8.50
25/08/2013;8.50
26/08/2013;8.50
27/08/2013;8.50
28/08/2013;8.50
29/08/2013;9.00
30/08/2013;9.00
31/08/2013;9.00
01/09/2013;9.00
02/09/2013;9.00
03/09/2013;9.00
04/09/2013;9.00
05/09/2013;9.00
06/09/2013;9.00
07/09/2013;9.00
08/09/2013;9.00
09/09/2013;9.00
10/09/2013;9.00
11/09/2013;9.00
12/09/2013;9.00
13/09/2013;9.00
14/09/2013;9.00
15/09/2013;9.00
16/09/2013;9.00
17/09/2013;9.00
18/09/2013;9.00
19/09/2013;9.00
20/09/2013;9.00
21/09/2013;9.00
22/09/2013;9.00
23/09/2013;9.00
24/09/2013;9.00
25/09/2013;9.00
26/09/2013;9.00
27/09/2013;9.00
28/09/2013;9.00
29/09/2013;9.00
30/09/2013;9.00
01/10/2013;9.00
02/10/2013;9.00
03/10/2013;9.00
04/10/2013;9.00
05/10/2013;9.00
06/10/2013;9.00
07/10/2013;9.00
08/10/2013;9.00
09/10/2013;9.00
10/10/2013;9.50
11/10/2013;9.50
12/10/2013;9.50
13/10/2013;9.50
14/10/2013;9.50
15/10/2013;9.50
16/10/2013;9.50
17/10/2013;9.50
18/10/2013;9.50
19/10/2013;9.50
20/10/2013;9.50
21/10/2013;9.50
22/10/2013;9.50
23/10/2013;9.50
24/10/2013;9.50
25/10/2013;9.50
26/10/2013;9.50
27/10/2013;9.50
28/10/2013;9.50
29/10/2013;9.50
30/10/2013;9.50
31/10/2013;9.50
01/11/2013;9.50
02/11/2013;9.50
03/11/2013;9.50
04/11/2013;9.50
05/11/2013;9.50
06/11/2013;9.50
07/11/2013;9.50
08/11/2013;9.50
09/11/2013;9.50
10/11/2013;9.50
11/11/2013;9.50
12/11/2013;9.50
13/11/2013;9.50
14/11/2013;9.50
15/11/2013;9.50
16/11/2013;9.50
17/11/2013;9.50
18/11/2013;9.50
19/11/2013;9.50
20/11/2013;9.50
21/11/2013;9.50
22/11/2013;9.50
23/11/2013;9.50
24/11/2013;9.50
25/11/2013;9.50
26/11/2013;9.50
27/11/2013;9.50
28/11/2013;10.00
29/11/2013;10.00
30/11/2013;10.00
01/12/2013;10.00
02/12/2013;10.00
03/12/2013;10.00
04/12/2013;10.00
05/12/2013;10.00
06/12/2013;10.00
07/12/2013;10.00
08/12/2013;10.00
09/12/2013;10.00
10/12/2013;10.00
11/12/2013;10.00
12/12/2013;10.00
13/12/2013;10.00
14/12/2013;10.00
15/12/2013;10.00
16/12/2013;10.00
17/12/2013;10.00
18/12/2013;10.00
19/12/2013;10.00
20/12/2013;10.00
21/12/2013;10.00
22/12/2013;10.00
23/12/2013;10.00
24/12/2013;10.00
25/12/2013;10.00
26/12/2013;10.00
27/12/2013;10.00
28/12/2013;10.00
29/12/2013;10.00
30/12/2013;10.00
31/12/2013;10.00
01/01/2014;10.00
02/01/2014;10.00
03/01/2014;10.00
04/01/2014;10.00
05/01/2014;10.00
06/01/2014;10.00
07/01/2014;10.00
08/01/2014;10.00
09/01/2014;10.00
10/01/2014;10.00
11/01/2014;10.00
12/01/2014;10.00
13/01/2014;10.00
14/01/2014;10.00
15/01/2014;10.00
16/01/2014;10.50
17/01/2014;10.50
18/01/2014;10.50
19/01/2014;10.50
20/01/2014;10.50
21/01/2014;10.50
22/01/2014;10.50
23/01/2014;10.50
24/01/2014;10.50
25/01/2014;10.50
26/01/2014;10.50
27/01/2014;10.50
28/01/2014;10.50
29/01/2014;10.50
30/01/2014;10.50
31/01/2014;10.50
01/02/2014;10.50
02/02/2014;10.50
03/02/2014;10.50
04/02/2014;10.50
05/02/2014;10.50
06/02/2014;10.50
07/02/2014;10.50
08/02/2014;10.50
09/02/2014;10.50
10/02/2014;10.50
11/02/2014;10.50
12/02/2014;10.50
13/02/2014;10.50
14/02/2014;10.50
15/02/2014;10.50
16/02/2014;10.50
17/02/2014;10.50
18/02/2014;10.50
19/02/2014;10.50
20/02/2014;10.50
21/02/2014;10.50
22/02/2014;10.50
23/02/2014;10.50
24/02/2014;10.50
25/02/2014;10.50
26/02/2014;10.50
27/02/2014;10.75
28/02/2014;10.75
01/03/2014;10.75
02/03/2014;10.75
03/03/2014;10.75
04/03/2014;10.75
05/03/2014;10.75
06/03/2014;10.75
07/03/2014;10.75
08/03/2014;10.75
09/03/2014;10.75
10/03/2014;10.75
11/03/2014;10.75
12/03/2014;10.75
13/03/2014;10.75
14/03/2014;10.75
15/03/2014;10.75
16/03/2014;10.75
17/03/2014;10.75
18/03/2014;10.75
19/03/2014;10.75
20/03/2014;10.75
21/03/2014;10.75
22/03/2014;10.75
23/03/2014;10.75
24/03/2014;10.75
25/03/2014;10.75
26/03/2014;10.75
27/03/2014;10.75
28/03/2014;10.75
29/03/2014;10.75
30/03/2014;10.75
31/03/2014;10.75
01/04/2014;10.75
02/04/2014;10.75
03/04/2014;11.00
04/04/2014;11.00
05/04/2014;11.00
06/04/2014;11.00
07/04/2014;11.00
08/04/2014;11.00
09/04/2014;11.00
10/04/2014;11.00
11/04/2014;11.00
12/04/2014;11.00
13/04/2014;11.00
14/04/2014;11.00
15/04/2014;11.00
16/04/2014;11.00
17/04/2014;11.00
18/04/2014;11.00
19/04/2014;11.00
20/04/2014;11.00
21/04/2014;11.00
22/04/2014;11.00
23/04/2014;11.00
24/04/2014;11.00
25/04/2014;11.00
26/04/2014;11.00
27/04/2014;11.00
28/04/2014;11.00
29/04/2014;11.00
30/04/2014;11.00
01/05/2014;11.00
02/05/2014;11.00
03/05/2014;11.00
04/05/2014;11.00
05/05/2014;11.00
06/05/2014;11.00
07/05/2014;11.00
08/05/2014;11.00
09/05/2014;11.00
10/05/2014;11.00
11/05/2014;11.00
12/05/2014;11.00
13/05/2014;11.00
14/05/2014;11.00
15/05/2014;11.00
16/05/2014;11.00
17/05/2014;11.00
18/05/2014;11.00
19/05/2014;11.00
20/05/2014;11.00
21/05/2014;11.00
22/05/2014;11.00
23/05/2014;11.00
24/05/2014;11.00
25/05/2014;11.00
26/05/2014;11.00
27/05/2014;11.00
28/05/2014;11.00
29/05/2014;11.00
30/05/2014;11.00
31/05/2014;11.00
01/06/2014;11.00
02/06/2014;11.00
03/06/2014;11.00
04/06/2014;11.00
05/06/2014;11.00
06/06/2014;11.00
07/06/2014;11.00
08/06/2014;11.00
09/06/2014;11.00
10/06/2014;11.00
11/06/2014;11.00
12/06/2014;11.00
13/06/2014;11.00
14/06/2014;11.00
15/06/2014;11.00
16/06/2014;11.00
17/06/2014;11.00
18/06/2014;11.00
19/06/2014;11.00
20/06/2014;11.00
21/06/2014;11.00
22/06/2014;11.00
23/06/2014;11.00
24/06/2014;11.00
25/06/2014;11.00
26/06/2014;11.00
27/06/2014;11.00
28/06/2014;11.00
29/06/2014;11.00
30/06/2014;11.00
01/07/2014;11.00
02/07/2014;11.00
03/07/2014;11.00
04/07/2014;11.00
05/07/2014;11.00
06/07/2014;11.00
07/07/2014;11.00
08/07/2014;11.00
09/07/2014;11.00
10/07/2014;11.00
11/07/2014;11.00
12/07/2014;11.00
13/07/2014;11.00
14/07/2014;11.00
15/07/2014;11.00
16/07/2014;11.00
17/07/2014;11.00
18/07/2014;11.00
19/07/2014;11.00
20/07/2014;11.00
21/07/2014;11.00
22/07/2014;11.00
23/07/2014;11.00
24/07/2014;11.00
25/07/2014;11.00
26/07/2014;11.00
27/07/2014;11.00
28/07/2014;11.00
29/07/2014;11.00
30/07/2014;11.00
31/07/2014;11.00
01/08/2014;11.00
02/08/2014;11.00
03/08/2014;11.00
04/08/2014;11.00
05/08/2014;11.00
06/08/2014;11.00
07/08/2014;11.00
08/08/2014;11.00
09/08/2014;11.00
10/08/2014;11.00
11/08/2014;11.00
12/08/2014;11.00
13/08/2014;11.00
14/08/2014;11.00
15/08/2014;11.00
16/08/2014;11.00
17/08/2014;11.00
18/08/2014;11.00
19/08/2014;11.00
20/08/2014;11.00
21/08/2014;11.00
22/08/2014;11.00
23/08/2014;11.00
24/08/2014;11.00
25/08/2014;11.00
26/08/2014;11.00
27/08/2014;11.00
28/08/2014;11.00
29/08/2014;11.00
30/08/2014;11.00
31/08/2014;11.00
01/09/2014;11.00
02/09/2014;11.00
03/09/2014;11.00
04/09/2014;11.00
05/09/2014;11.00
06/09/2014;11.00
07/09/2014;11.00
08/09/2014;11.00
09/09/2014;11.00
10/09/2014;11.00
11/09/2014;11.00
12/09/2014;11.00
13/09/2014;11.00
14/09/2014;11.00
15/09/2014;11.00
16/09/2014;11.00
17/09/2014;11.00
18/09/2014;11.00
19/09/2014;11.00
20/09/2014;11.00
21/09/2014;11.00
22/09/2014;11.00
23/09/2014;11.00
24/09/2014;11.00
25/09/2014;11.00
26/09/2014;11.00
27/09/2014;11.00
28/09/2014;11.00
29/09/2014;11.00
30/09/2014;11.00
01/10/2014;11.00
02/10/2014;11.00
03/10/2014;11.00
04/10/2014;11.00
05/10/2014;11.00
06/10/2014;11.00
07/10/2014;11.00
08/10/2014;11.00
09/10/2014;11.00
10/10/2014;11.00
11/10/2014;11.00
12/10/2014;11.00
13/10/2014;11.00
14/10/2014;11.00
15/10/2014;11.00
16/10/2014;11.00
17/10/2014;11.00
18/10/2014;11.00
19/10/2014;11.00
20/10/2014;11.00
21/10/2014;11.00
22/10/2014;11.00
23/10/2014;11.00
24/10/2014;11.00
25/10/2014;11.00
26/10/2014;11.00
27/10/2014;11.00
28/10/2014;11.00
29/10/2014;11.00
30/10/2014;11.25
31/10/2014;11.25
01/11/2014;11.25
02/11/2014;11.25
03/11/2014;11.25
04/11/2014;11.25
05/11/2014;11.25
06/11/2014;11.25
07/11/2014;11.25
08/11/2014;11.25
09/11/2014;11.25
10/11/2014;11.25
11/11/2014;11.25
12/11/2014;11.25
13/11/2014;11.25
14/11/2014;11.25
15/11/2014;11.25
16/11/2014;11.25
17/11/2014;11.25
18/11/2014;11.25
19/11/2014;11.25
20/11/2014;11.25
21/11/2014;11.25
22/11/2014;11.25
23/11/2014;11.25
24/11/2014;11.25
25/11/2014;11.25
26/11/2014;11.25
27/11/2014;11.25
28/11/2014;11.25
29/11/2014;11.25
30/11/2014;11.25
01/12/2014;11.25
02/12/2014;11.25
03/12/2014;11.25
04/12/2014;11.75
05/12/2014;11.75
06/12/2014;11.75
07/12/2014;11.75
08/12/2014;11.75
09/12/2014;11.75
10/12/2014;11.75
11/12/2014;11.75
12/12/2014;11.75
13/12/2014;11.75
14/12/2014;11.75
15/12/2014;11.75
16/12/2014;11.75
17/12/2014;11.75
18/12/2014;11.75
19/12/2014;11.75
20/12/2014;11.75
21/12/2014;11.75
22/12/2014;11.75
23/12/2014;11.75
24/12/2014;11.75
25/12/2014;11.75
26/12/2014;11.75
27/12/2014;11.75
28/12/2014;11.75
29/12/2014;11.75
30/12/2014;11.75
31/12/2014;11.75
01/01/2015;11.75
02/01/2015;11.75
03/01/2015;11.75
04/01/2015;11.75
05/01/2015;11.75
06/01/2015;11.75
07/01/2015;11.75
08/01/2015;11.75
09/01/2015;11.75
10/01/2015;11.75
11/01/2015;11.75
12/01/2015;11.75
13/01/2015;11.75
14/01/2015;11.75
15/01/2015;11.75
16/01/2015;11.75
17/01/2015;11.75
18/01/2015;11.75
19/01/2015;11.75
20/01/2015;11.75
21/01/2015;11.75
22/01/2015;12.25
23/01/2015;12.25
24/01/2015;12.25
25/01/2015;12.25
26/01/2015;12.25
27/01/2015;12.25
28/01/2015;12.25
29/01/2015;12.25
30/01/2015;12.25
31/01/2015;12.25
01/02/2015;12.25
02/02/2015;12.25
03/02/2015;12.25
04/02/2015;12.25
05/02/2015;12.25
06/02/2015;12.25
07/02/2015;12.25
08/02/2015;12.25
09/02/2015;12.25
10/02/2015;12.25
11/02/2015;12.25
12/02/2015;12.25
13/02/2015;12.25
14/02/2015;12.25
15/02/2015;12.25
16/02/2015;12.25
17/02/2015;12.25
18/02/2015;12.25
19/02/2015;12.25
20/02/2015;12.25
21/02/2015;12.25
22/02/2015;12.25
23/02/2015;12.25
24/02/2015;12.25
25/02/2015;12.25
26/02/2015;12.25
27/02/2015;12.25
28/02/2015;12.25
01/03/2015;12.25
02/03/2015;12.25
03/03/2015;12.25
04/03/2015;12.25
05/03/2015;12.75
06/03/2015;12.75
07/03/2015;12.75
08/03/2015;12.75
09/03/2015;12.75
10/03/2015;12.75
11/03/2015;12.75
12/03/2015;12.75
13/03/2015;12.75
14/03/2015;12.75
15/03/2015;12.75
16/03/2015;12.75
17/03/2015;12.75
18/03/2015;12.75
19/03/2015;12.75
20/03/2015;12.75
21/03/2015;12.75
22/03/2015;12.75
23/03/2015;12.75
24/03/2015;12.75
25/03/2015;12.75
26/03/2015;12.75
27/03/2015;12.75
28/03/2015;12.75
29/03/2015;12.75
30/03/2015;12.75
31/03/2015;12.75
01/04/2015;12.75
02/04/2015;12.75
03/04/2015;12.75
04/04/2015;12.75
05/04/2015;12.75
06/04/2015;12.75
07/04/2015;12.75
08/04/2015;12.75
09/04/2015;12.75
10/04/2015;12.75
11/04/2015;12.75
12/04/2015;12.75
13/04/2015;12.75
14/04/2015;12.75
15/04/2015;12.75
16/04/2015;12.75
17/04/2015;12.75
18/04/2015;12.75
19/04/2015;12.75
20/04/2015;12.75
21/04/2015;12.75
22/04/2015;12.75
23/04/2015;12.75
24/04/2015;12.75
25/04/2015;12.75
26/04/2015;12.75
27/04/2015;12.75
28/04/2015;12.75
29/04/2015;12.75
30/04/2015;13.25
01/05/2015;13.25
02/05/2015;13.25
03/05/2015;13.25
04/05/2015;13.25
05/05/2015;13.25
06/05/2015;13.25
07/05/2015;13.25
08/05/2015;13.25
09/05/2015;13.25
10/05/2015;13.25
11/05/2015;13.25
12/05/2015;13.25
13/05/2015;13.25
14/05/2015;13.25
15/05/2015;13.25
16/05/2015;13.25
17/05/2015;13.25
18/05/2015;13.25
19/05/2015;13.25
20/05/2015;13.25
21/05/2015;13.25
22/05/2015;13.25
23/05/2015;13.25
24/05/2015;13.25
25/05/2015;13.25
26/05/2015;13.25
27/05/2015;13.25
28/05/2015;13.25
29/05/2015;13.25
30/05/2015;13.25
31/05/2015;13.25
01/06/2015;13.25
02/06/2015;13.25
03/06/2015;13.25
04/06/2015;13.75
05/06/2015;13.75
06/06/2015;13.75
07/06/2015;13.75
08/06/2015;13.75
09/06/2015;13.75
10/06/2015;13.75
11/06/2015;13.75
12/06/2015;13.75
13/06/2015;13.75
14/06/2015;13.75
15/06/2015;13.75
16/06/2015;13.75
17/06/2015;13.75
18/06/2015;13.75
19/06/2015;13.75
20/06/2015;13.75
21/06/2015;13.75
22/06/2015;13.75
23/06/2015;13.75
24/06/2015;13.75
25/06/2015;13.75
26/06/2015;13.75
27/06/2015;13.75
28/06/2015;13.75
29/06/2015;13.75
30/06/2015;13.75
01/07/2015;13.75
02/07/2015;13.75
03/07/2015;13.75
04/07/2015;13.75
05/07/2015;13.75
06/07/2015;13.75
07/07/2015;13.75
08/07/2015;13.75
09/07/2015;13.75
10/07/2015;13.75
11/07/2015;13.75
12/07/2015;13.75
13/07/2015;13.75
14/07/2015;13.75
15/07/2015;13.75
16/07/2015;13.75
17/07/2015;13.75
18/07/2015;13.75
19/07/2015;13.75
20/07/2015;13.75
21/07/2015;13.75
22/07/2015;13.75
23/07/2015;13.75
24/07/2015;13.75
25/07/2015;13.75
26/07/2015;13.75
27/07/2015;13.75
28/07/2015;13.75
29/07/2015;13.75
30/07/2015;14.25
31/07/2015;14.25
01/08/2015;14.25
02/08/2015;14.25
03/08/2015;14.25
04/08/2015;14.25
05/08/2015;14.25
06/08/2015;14.25
07/08/2015;14.25
08/08/2015;14.25
09/08/2015;14.25
10/08/2015;14.25
11/08/2015;14.25
12/08/2015;14.25
13/08/2015;14.25
14/08/2015;14.25
15/08/2015;14.25
16/08/2015;14.25
17/08/2015;14.25
18/08/2015;14.25
19/08/2015;14.25
20/08/2015;14.25
21/08/2015;14.25
22/08/2015;14.25
23/08/2015;14.25
24/08/2015;14.25
25/08/2015;14.25
26/08/2015;14.25
27/08/2015;14.25
28/08/2015;14.25
29/08/2015;14.25
30/08/2015;14.25
31/08/2015;14.25
01/09/2015;14.25
02/09/2015;14.25
03/09/2015;14.25
04/09/2015;14.25
05/09/2015;14.25
06/09/2015;14.25
07/09/2015;14.25
08/09/2015;14.25
09/09/2015;14.25
10/09/2015;14.25
11/09/2015;14.25
12/09/2015;14.25
13/09/2015;14.25
14/09/2015;14.25
15/09/2015;14.25
16/09/2015;14.25
17/09/2015;14.25
18/09/2015;14.25
19/09/2015;14.25
20/09/2015;14.25
21/09/2015;14.25
22/09/2015;14.25
23/09/2015;14.25
24/09/2015;14.25
25/09/2015;14.25
26/09/2015;14.25
27/09/2015;14.25
28/09/2015;14.25
29/09/2015;14.25
30/09/2015;14.25
01/10/2015;14.25
02/10/2015;14.25
03/10/2015;14.25
04/10/2015;14.25
05/10/2015;14.25
06/10/2015;14.25
07/10/2015;14.25
08/10/2015;14.25
09/10/2015;14.25
10/10/2015;14.25
11/10/2015;14.25
12/10/2015;14.25
13/10/2015;14.25
14/10/2015;14.25
15/10/2015;14.25
16/10/2015;14.25
17/10/2015;14.25
18/10/2015;14.25
19/10/2015;14.25
20/10/2015;14.25
21/10/2015;14.25
22/10/2015;14.25
23/10/2015;14.25
24/10/2015;14.25
25/10/2015;14.25
26/10/2015;14.25
27/10/2015;14.25
28/10/2015;14.25
29/10/2015;14.25
30/10/2015;14.25
31/10/2015;14.25
01/11/2015;14.25
02/11/2015;14.25
03/11/2015;14.25
04/11/2015;14.25
05/11/2015;14.25
06/11/2015;14.25
07/11/2015;14.25
08/11/2015;14.25
09/11/2015;14.25
10/11/2015;14.25
11/11/2015;14.25
12/11/2015;14.25
13/11/2015;14.25
14/11/2015;14.25
15/11/2015;14.25
16/11/2015;14.25
17/11/2015;14.25
18/11/2015;14.25
19/11/2015;14.25
20/11/2015;14.25
21/11/2015;14.25
22/11/2015;14.25
23/11/2015;14.25
24/11/2015;14.25
25/11/2015;14.25
26/11/2015;14.25
27/11/2015;14.25
28/11/2015;14.25
29/11/2015;14.25
30/11/2015;14.25
01/12/2015;14.25
02/12/2015;14.25
03/12/2015;14.25
04/12/2015;14.25
05/12/2015;14.25
06/12/2015;14.25
07/12/2015;14.25
08/12/2015;14.25
09/12/2015;14.25
10/12/2015;14.25
11/12/2015;14.25
12/12/2015;14.25
13/12/2015;14.25
14/12/2015;14.25
15/12/2015;14.25
16/12/2015;14.25
17/12/2015;14.25
18/12/2015;14.25
19/12/2015;14.25
20/12/2015;14.25
21/12/2015;14.25
22/12/2015;14.25
23/12/2015;14.25
24/12/2015;14.25
25/12/2015;14.25
26/12/2015;14.25
27/12/2015;14.25
28/12/2015;14.25
29/12/2015;14.25
30/12/2015;14.25
31/12/2015;14.25
01/01/2016;14.25
02/01/2016;14.25
03/01/2016;14.25
04/01/2016;14.25
05/01/2016;14.25
06/01/2016;14.25
07/01/2016;14.25
08/01/2016;14.25
09/01/2016;14.25
10/01/2016;14.25
11/01/2016;14.25
12/01/2016;14.25
13/01/2016;14.25
14/01/2016;14.25
15/01/2016;14.25
16/01/2016;14.25
17/01/2016;14.25
18/01/2016;14.25
19/01/2016;14.25
20/01/2016;14.25
21/01/2016;14.25
22/01/2016;14.25
23/01/2016;14.25
24/01/2016;14.25
25/01/2016;14.25
26/01/2016;14.25
27/01/2016;14.25
28/01/2016;14.25
29/01/2016;14.25
30/01/2016;14.25
31/01/2016;14.25
01/02/2016;14.25
02/02/2016;14.25
03/02/2016;14.25
04/02/2016;14.25
05/02/2016;14.25
06/02/2016;14.25
07/02/2016;14.25
08/02/2016;14.25
09/02/2016;14.25
10/02/2016;14.25
11/02/2016;14.25
12/02/2016;14.25
13/02/2016;14.25
14/02/2016;14.25
15/02/2016;14.25
16/02/2016;14.25
17/02/2016;14.25
18/02/2016;14.25
19/02/2016;14.25
20/02/2016;14.25
21/02/2016;14.25
22/02/2016;14.25
23/02/2016;14.25
24/02/2016;14.25
25/02/2016;14.25
26/02/2016;14.25
27/02/2016;14.25
28/02/2016;14.25
29/02/2016;14.25
01/03/2016;14.25
02/03/2016;14.25
03/03/2016;14.25
04/03/2016;14.25
05/03/2016;14.25
06/03/2016;14.25
07/03/2016;14.25
08/03/2016;14.25
09/03/2016;14.25
10/03/2016;14.25
11/03/2016;14.25
12/03/2016;14.25
13/03/2016;14.25
14/03/2016;14.25
15/03/2016;14.25
16/03/2016;14.25
17/03/2016;14.25
18/03/2016;14.25
19/03/2016;14.25
20/03/2016;14.25
21/03/2016;14.25
22/03/2016;14.25
23/03/2016;14.25
24/03/2016;14.25
25/03/2016;14.25
26/03/2016;14.25
27/03/2016;14.25
28/03/2016;14.25
29/03/2016;14.25
30/03/2016;14.25
31/03/2016;14.25
01/04/2016;14.25
02/04/2016;14.25
03/04/2016;14.25
04/04/2016;14.25
05/04/2016;14.25
06/04/2016;14.25
07/04/2016;14.25
08/04/2016;14.25
09/04/2016;14.25
10/04/2016;14.25
11/04/2016;14.25
12/04/2016;14.25
13/04/2016;14.25
14/04/2016;14.25
15/04/2016;14.25
16/04/2016;14.25
17/04/2016;14.25
18/04/2016;14.25
19/04/2016;14.25
20/04/2016;14.25
21/04/2016;14.25
22/04/2016;14.25
23/04/2016;14.25
24/04/2016;14.25
25/04/2016;14.25
26/04/2016;14.25
27/04/2016;14.25
28/04/2016;14.25
29/04/2016;14.25
30/04/2016;14.25
01/05/2016;14.25
02/05/2016;14.25
03/05/2016;14.25
04/05/2016;14.25
05/05/2016;14.25
06/05/2016;14.25
07/05/2016;14.25
08/05/2016;14.25
09/05/2016;14.25
10/05/2016;14.25
11/05/2016;14.25
12/05/2016;14.25
13/05/2016;14.25
14/05/2016;14.25
15/05/2016;14.25
16/05/2016;14.25
17/05/2016;14.25
18/05/2016;14.25
19/05/2016;14.25
20/05/2016;14.25
21/05/2016;14.25
22/05/2016;14.25
23/05/2016;14.25
24/05/2016;14.25
25/05/2016;14.25
26/05/2016;14.25
27/05/2016;14.25
28/05/2016;14.25
29/05/2016;14.25
30/05/2016;14.25
31/05/2016;14.25
01/06/2016;14.25
02/06/2016;14.25
03/06/2016;14.25
04/06/2016;14.25
05/06/2016;14.25
06/06/2016;14.25
07/06/2016;14.25
08/06/2016;14.25
09/06/2016;14.25
10/06/2016;14.25
11/06/2016;14.25
12/06/2016;14.25
13/06/2016;14.25
14/06/2016;14.25
15/06/2016;14.25
16/06/2016;14.25
17/06/2016;14.25
18/06/2016;14.25
19/06/2016;14.25
20/06/2016;14.25
21/06/2016;14.25
22/06/2016;14.25
23/06/2016;14.25
24/06/2016;14.25
25/06/2016;14.25
26/06/2016;14.25
27/06/2016;14.25
28/06/2016;14.25
29/06/2016;14.25
30/06/2016;14.25
01/07/2016;14.25
02/07/2016;14.25
03/07/2016;14.25
04/07/2016;14.25
05/07/2016;14.25
06/07/2016;14.25
07/07/2016;14.25
08/07/2016;14.25
09/07/2016;14.25
10/07/2016;14.25
11/07/2016;14.25
12/07/2016;14.25
13/07/2016;14.25
14/07/2016;14.25
15/07/2016;14.25
16/07/2016;14.25
17/07/2016;14.25
18/07/2016;14.25
19/07/2016;14.25
20/07/2016;14.25
21/07/2016;14.25
22/07/2016;14.25
23/07/2016;14.25
24/07/2016;14.25
25/07/2016;14.25
26/07/2016;14.25
27/07/2016;14.25
28/07/2016;14.25
29/07/2016;14.25
30/07/2016;14.25
31/07/2016;14.25
01/08/2016;14.25
02/08/2016;14.25
03/08/2016;14.25
04/08/2016;14.25
05/08/2016;14.25
06/08/2016;14.25
07/08/2016;14.25
08/08/2016;14.25
09/08/2016;14.25
10/08/2016;14.25
11/08/2016;14.25
12/08/2016;14.25
13/08/2016;14.25
14/08/2016;14.25
15/08/2016;14.25
16/08/2016;14.25
17/08/2016;14.25
18/08/2016;14.25
19/08/2016;14.25
20/08/2016;14.25
21/08/2016;14.25
22/08/2016;14.25
23/08/2016;14.25
24/08/2016;14.25
25/08/2016;14.25
26/08/2016;14.25
27/08/2016;14.25
28/08/2016;14.25
29/08/2016;14.25
30/08/2016;14.25
31/08/2016;14.25
01/09/2016;14.25
02/09/2016;14.25
03/09/2016;14.25
04/09/2016;14.25
05/09/2016;14.25
06/09/2016;14.25
07/09/2016;14.25
08/09/2016;14.25
09/09/2016;14.25
10/09/2016;14.25
11/09/2016;14.25
12/09/2016;14.25
13/09/2016;14.25
14/09/2016;14.25
15/09/2016;14.25
16/09/2016;14.25
17/09/2016;14.25
18/09/2016;14.25
19/09/2016;14.25
20/09/2016;14.25
21/09/2016;14.25
22/09/2016;14.25
23/09/2016;14.25
24/09/2016;14.25
